image	raw_relative_file	line	native_lua_production
reference	data/vanilla/vanilla_procedural/scripts/generators/creatures/shared_info.lua	5460	"lines[#lines+1]=""[ATTACK:PUNCH:BODYPART:BY_TYPE:GRASP]"""
reference	data/vanilla/vanilla_procedural/scripts/generators/creatures/shared_info.lua	5462	"lines[#lines+1]=""\t[ATTACK_VERB:punch:punches]"""
reference	data/vanilla/vanilla_procedural/scripts/generators/creatures/shared_info.lua	5471	"lines[#lines+1]=""[ATTACK:PINCER:BODYPART:BY_CATEGORY:PINCER]"""
reference	data/vanilla/vanilla_procedural/scripts/generators/creatures/shared_info.lua	5473	"lines[#lines+1]=""\t[ATTACK_VERB:snatch:snatches]"""
reference	data/vanilla/vanilla_procedural/scripts/generators/creatures/shared_info.lua	5488	"lines[#lines+1]=""[ATTACK:KICK:BODYPART:BY_TYPE:STANCE]"""
reference	data/vanilla/vanilla_procedural/scripts/generators/creatures/shared_info.lua	5490	"lines[#lines+1]=""\t[ATTACK_VERB:kick:kicks]"""
reference	data/vanilla/vanilla_procedural/scripts/generators/creatures/shared_info.lua	5500	"lines[#lines+1]=""[ATTACK:STING:BODYPART:BY_CATEGORY:STINGER]"""
reference	data/vanilla/vanilla_procedural/scripts/generators/creatures/shared_info.lua	5502	"lines[#lines+1]=""\t[ATTACK_VERB:sting:stings]"""
reference	data/vanilla/vanilla_procedural/scripts/generators/creatures/shared_info.lua	5513	"lines[#lines+1]=""[ATTACK:SUCK:BODYPART:BY_CATEGORY:PROBOSCIS]"""
reference	data/vanilla/vanilla_procedural/scripts/generators/creatures/shared_info.lua	5515	"lines[#lines+1]=""\t[ATTACK_VERB:stab:stabs]"""
reference	data/vanilla/vanilla_procedural/scripts/generators/creatures/shared_info.lua	5530	"lines[#lines+1]=""[ATTACK:HORN:BODYPART:BY_CATEGORY:HORN]"""
reference	data/vanilla/vanilla_procedural/scripts/generators/creatures/shared_info.lua	5532	"lines[#lines+1]=""\t[ATTACK_VERB:gore:gores]"""
reference	data/vanilla/vanilla_procedural/scripts/generators/creatures/shared_info.lua	5542	"lines[#lines+1]=""[ATTACK:BITE:BODYPART:BY_CATEGORY:MANDIBLE]"""
reference	data/vanilla/vanilla_procedural/scripts/generators/creatures/shared_info.lua	5544	"lines[#lines+1]=""\t[ATTACK_VERB:stab:stabs]"""
reference	data/vanilla/vanilla_procedural/scripts/generators/creatures/shared_info.lua	5554	"lines[#lines+1]=""[ATTACK:BITE:BODYPART:BY_CATEGORY:BEAK]"""
reference	data/vanilla/vanilla_procedural/scripts/generators/creatures/shared_info.lua	5556	"lines[#lines+1]=""\t[ATTACK_VERB:bite:bites]"""
reference	data/vanilla/vanilla_procedural/scripts/generators/creatures/shared_info.lua	5571	"lines[#lines+1]=""[ATTACK:BITE:CHILD_BODYPART_GROUP:BY_CATEGORY:HEAD:BY_CATEGORY:TOOTH]"""
reference	data/vanilla/vanilla_procedural/scripts/generators/creatures/shared_info.lua	5573	"lines[#lines+1]=""\t[ATTACK_VERB:bite:bites]"""
reference	data/vanilla/vanilla_procedural/scripts/generators/creatures/shared_info.lua	5590	"lines[#lines+1]=""[ATTACK:BITE:BODYPART:BY_CATEGORY:MOUTH]"""
reference	data/vanilla/vanilla_procedural/scripts/generators/creatures/shared_info.lua	5592	"lines[#lines+1]=""\t[ATTACK_VERB:bite:bites]"""
reference	data/vanilla/vanilla_procedural/scripts/generators/creatures/shared_info.lua	5610	"lines[#lines+1]=""[ATTACK:FSCRATCH:CHILD_TISSUE_LAYER_GROUP:BY_TYPE:GRASP:BY_CATEGORY:ALL:CLAW]"""
reference	data/vanilla/vanilla_procedural/scripts/generators/creatures/shared_info.lua	5612	"lines[#lines+1]=""\t[ATTACK_VERB:scratch:scratches]"""
reference	data/vanilla/vanilla_procedural/scripts/generators/creatures/shared_info.lua	5622	"lines[#lines+1]=""[ATTACK:TSCRATCH:CHILD_TISSUE_LAYER_GROUP:BY_TYPE:STANCE:BY_CATEGORY:ALL:CLAW]"""
reference	data/vanilla/vanilla_procedural/scripts/generators/creatures/shared_info.lua	5624	"lines[#lines+1]=""\t[ATTACK_VERB:scratch:scratches]"""
reference	data/vanilla/vanilla_procedural/scripts/generators/creatures/shared_info.lua	5635	"lines[#lines+1]=""[ATTACK:FSCRATCH:CHILD_TISSUE_LAYER_GROUP:BY_TYPE:GRASP:BY_CATEGORY:ALL:NAIL]"""
reference	data/vanilla/vanilla_procedural/scripts/generators/creatures/shared_info.lua	5637	"lines[#lines+1]=""\t[ATTACK_VERB:scratch:scratches]"""
reference	data/vanilla/vanilla_procedural/scripts/generators/creatures/shared_info.lua	5647	"lines[#lines+1]=""[ATTACK:TSCRATCH:CHILD_TISSUE_LAYER_GROUP:BY_TYPE:STANCE:BY_CATEGORY:ALL:NAIL]"""
reference	data/vanilla/vanilla_procedural/scripts/generators/creatures/shared_info.lua	5649	"lines[#lines+1]=""\t[ATTACK_VERB:scratch:scratches]"""
reference	data/vanilla/vanilla_procedural/scripts/generators/creatures/shared_info.lua	5660	"lines[#lines+1]=""[ATTACK:FSCRATCH:CHILD_TISSUE_LAYER_GROUP:BY_TYPE:GRASP:BY_CATEGORY:ALL:TALON]"""
reference	data/vanilla/vanilla_procedural/scripts/generators/creatures/shared_info.lua	5662	"lines[#lines+1]=""\t[ATTACK_VERB:scratch:scratches]"""
reference	data/vanilla/vanilla_procedural/scripts/generators/creatures/shared_info.lua	5672	"lines[#lines+1]=""[ATTACK:TSCRATCH:CHILD_TISSUE_LAYER_GROUP:BY_TYPE:STANCE:BY_CATEGORY:ALL:TALON]"""
reference	data/vanilla/vanilla_procedural/scripts/generators/creatures/shared_info.lua	5674	"lines[#lines+1]=""\t[ATTACK_VERB:scratch:scratches]"""
reference	data/vanilla/vanilla_procedural/scripts/generators/creatures.lua	166	[NAME:forgotten beast:forgotten beasts:forgotten beast]
reference	data/vanilla/vanilla_procedural/scripts/generators/creatures.lua	167	[CASTE_NAME:forgotten beast:forgotten beasts:forgotten beast]
reference	data/vanilla/vanilla_procedural/scripts/generators/creatures.lua	246	"tbl[#tbl+1]=""[NAME:""..name_str"
reference	data/vanilla/vanilla_procedural/scripts/generators/creatures.lua	247	"tbl[#tbl+1]=""[CASTE_NAME:""..name_str"
reference	data/vanilla/vanilla_procedural/scripts/generators/creatures.lua	511	"tbl[#tbl+1]=""[NAME:""..name_str..""]"""
reference	data/vanilla/vanilla_procedural/scripts/generators/creatures.lua	512	"tbl[#tbl+1]=""[CASTE_NAME:""..name_str..""]"""
reference	data/vanilla/vanilla_procedural/scripts/generators/creatures.lua	851	"lines[#lines+1]=""[CASTE_NAME:""..name_str..""]"""
reference	data/vanilla/vanilla_procedural/scripts/generators/creatures.lua	854	"lines[#lines+1]=""[CASTE_NAME:""..cstr..""]"""
reference	data/vanilla/vanilla_procedural/scripts/generators/creatures.lua	856	"lines[#lines+1]=""[NAME:""..name_str..""]"""
reference	data/vanilla/vanilla_procedural/scripts/generators/creatures.lua	953	"lines[#lines+1]=""[NAME:""..name_str"
reference	data/vanilla/vanilla_procedural/scripts/generators/creatures.lua	954	"lines[#lines+1]=""[CASTE_NAME:""..name_str"
reference	data/vanilla/vanilla_procedural/scripts/generators/creatures.lua	1041	"lines[#lines+1]=""[NAME:""..name_str"
reference	data/vanilla/vanilla_procedural/scripts/generators/creatures.lua	1042	"lines[#lines+1]=""[CASTE_NAME:""..name_str"
reference	data/vanilla/vanilla_procedural/scripts/generators/creatures.lua	1249	"lines[#lines+1]=""[NAME:""..name_str"
reference	data/vanilla/vanilla_procedural/scripts/generators/creatures.lua	1250	"lines[#lines+1]=""[CASTE_NAME:""..name_str"
reference	data/vanilla/vanilla_procedural/scripts/generators/creatures.lua	1473	"lines[#lines+1]=""[NAME:""..full_name_str..""]"""
reference	data/vanilla/vanilla_procedural/scripts/generators/creatures.lua	1474	"lines[#lines+1]=""[CASTE_NAME:""..full_name_str..""]"""
reference	data/vanilla/vanilla_procedural/scripts/generators/creatures.lua	2077	"lines[#lines+1]=""[NAME:""..str..""]"""
reference	data/vanilla/vanilla_procedural/scripts/generators/creatures.lua	2078	"lines[#lines+1]=""[CASTE_NAME:""..str..""]"""
reference	data/vanilla/vanilla_procedural/scripts/generators/divine.lua	142	"m.mat[#m.mat+1]=""[STATE_NAME_ADJ:ALL_SOLID:""..mat_info.name..""]"""
reference	data/vanilla/vanilla_procedural/scripts/generators/divine.lua	375	"m.mat[#m.mat+1]=""[STATE_NAME_ADJ:ALL_SOLID:""..mat_info.name..""]"""
reference	data/vanilla/vanilla_procedural/scripts/generators/entities.lua	212	"lines[#lines+1]=""[NAME:greaves:greaves]"""
reference	data/vanilla/vanilla_procedural/scripts/generators/entities.lua	231	"lines[#lines+1]=""[NAME:skirt:skirts]"""
reference	data/vanilla/vanilla_procedural/scripts/generators/entities.lua	244	"lines[#lines+1]=""[NAME:breastplate:breastplates]"""
reference	data/vanilla/vanilla_procedural/scripts/generators/entities.lua	261	"lines[#lines+1]=""[NAME:coat:coats]"""
reference	data/vanilla/vanilla_procedural/scripts/generators/entities.lua	276	"lines[#lines+1]=""[NAME:shirt:shirts]"""
reference	data/vanilla/vanilla_procedural/scripts/generators/entities.lua	291	"lines[#lines+1]=""[NAME:cloak:cloaks]"""
reference	data/vanilla/vanilla_procedural/scripts/generators/entities.lua	306	"lines[#lines+1]=""[NAME:tunic:tunics]"""
reference	data/vanilla/vanilla_procedural/scripts/generators/entities.lua	321	"lines[#lines+1]=""[NAME:toga:togas]"""
reference	data/vanilla/vanilla_procedural/scripts/generators/entities.lua	336	"lines[#lines+1]=""[NAME:cape:capes]"""
reference	data/vanilla/vanilla_procedural/scripts/generators/entities.lua	351	"lines[#lines+1]=""[NAME:vest:vests]"""
reference	data/vanilla/vanilla_procedural/scripts/generators/entities.lua	366	"lines[#lines+1]=""[NAME:dress:dresses]"""
reference	data/vanilla/vanilla_procedural/scripts/generators/entities.lua	381	"lines[#lines+1]=""[NAME:robe:robes]"""
reference	data/vanilla/vanilla_procedural/scripts/generators/entities.lua	396	"lines[#lines+1]=""[NAME:helm:helms]"""
reference	data/vanilla/vanilla_procedural/scripts/generators/entities.lua	415	"lines[#lines+1]=""[NAME:cap:caps]"""
reference	data/vanilla/vanilla_procedural/scripts/generators/entities.lua	432	"lines[#lines+1]=""[NAME:hood:hoods]"""
reference	data/vanilla/vanilla_procedural/scripts/generators/entities.lua	445	"lines[#lines+1]=""[NAME:turban:turbans]"""
reference	data/vanilla/vanilla_procedural/scripts/generators/entities.lua	458	"lines[#lines+1]=""[NAME:mask:masks]"""
reference	data/vanilla/vanilla_procedural/scripts/generators/entities.lua	476	"lines[#lines+1]=""[NAME:head veil:head veils]"""
reference	data/vanilla/vanilla_procedural/scripts/generators/entities.lua	489	"lines[#lines+1]=""[NAME:face veil:face veils]"""
reference	data/vanilla/vanilla_procedural/scripts/generators/entities.lua	502	"lines[#lines+1]=""[NAME:headscarf:headscarves]"""
reference	data/vanilla/vanilla_procedural/scripts/generators/entities.lua	515	"lines[#lines+1]=""[NAME:gauntlet:gauntlets]"""
reference	data/vanilla/vanilla_procedural/scripts/generators/entities.lua	532	"lines[#lines+1]=""[NAME:glove:gloves]"""
reference	data/vanilla/vanilla_procedural/scripts/generators/entities.lua	545	"lines[#lines+1]=""[NAME:mitten:mittens]"""
reference	data/vanilla/vanilla_procedural/scripts/generators/entities.lua	558	"lines[#lines+1]=""[NAME:high boot:high boots]"""
reference	data/vanilla/vanilla_procedural/scripts/generators/entities.lua	574	"lines[#lines+1]=""[NAME:low boot:low boots]"""
reference	data/vanilla/vanilla_procedural/scripts/generators/entities.lua	589	"lines[#lines+1]=""[NAME:shoe:shoes]"""
reference	data/vanilla/vanilla_procedural/scripts/generators/entities.lua	602	"lines[#lines+1]=""[NAME:sandal:sandals]"""
reference	data/vanilla/vanilla_procedural/scripts/generators/entities.lua	615	"lines[#lines+1]=""[NAME:chausse:chausses]"""
reference	data/vanilla/vanilla_procedural/scripts/generators/entities.lua	629	"lines[#lines+1]=""[NAME:sock:socks]"""
reference	data/vanilla/vanilla_procedural/scripts/generators/entities.lua	642	"lines[#lines+1]=""[NAME:""..name..""]"""
reference	data/vanilla/vanilla_procedural/scripts/generators/entities.lua	649	"lines[#lines+1]=""[ATTACK:EDGE:20000:4000:slash:slashes:NO_SUB:1250]"""
reference	data/vanilla/vanilla_procedural/scripts/generators/entities.lua	651	"lines[#lines+1]=""[ATTACK:EDGE:50:2000:stab:stabs:NO_SUB:1000]"""
reference	data/vanilla/vanilla_procedural/scripts/generators/entities.lua	653	"lines[#lines+1]=""[ATTACK:BLUNT:20000:4000:slap:slaps:flat:1250]"""
reference	data/vanilla/vanilla_procedural/scripts/generators/entities.lua	655	"lines[#lines+1]=""[ATTACK:BLUNT:100:1000:strike:strikes:pommel:1000]"""
reference	data/vanilla/vanilla_procedural/scripts/generators/entities.lua	668	"lines[#lines+1]=""[NAME:pike:pikes]"""
reference	data/vanilla/vanilla_procedural/scripts/generators/entities.lua	675	"lines[#lines+1]=""[ATTACK:EDGE:20:12000:stab:stabs:NO_SUB:1000]"""
reference	data/vanilla/vanilla_procedural/scripts/generators/entities.lua	677	"lines[#lines+1]=""[ATTACK:BLUNT:10000:6000:bash:bashes:shaft:1250]"""
reference	data/vanilla/vanilla_procedural/scripts/generators/entities.lua	686	"lines[#lines+1]=""[NAME:""..name..""]"""
reference	data/vanilla/vanilla_procedural/scripts/generators/entities.lua	693	"lines[#lines+1]=""[ATTACK:BLUNT:1:10:lash:lashes:NO_SUB:5000]"""
reference	data/vanilla/vanilla_procedural/scripts/generators/entities.lua	707	"lines[#lines+1]=""[NAME:scourge:scourges]"""
reference	data/vanilla/vanilla_procedural/scripts/generators/entities.lua	714	"lines[#lines+1]=""[ATTACK:EDGE:10:50:lash:lashes:NO_SUB:2000]"""
reference	data/vanilla/vanilla_procedural/scripts/generators/entities.lua	725	"lines[#lines+1]=""[NAME:arrow:arrows]"""
reference	data/vanilla/vanilla_procedural/scripts/generators/entities.lua	729	"lines[#lines+1]=""[ATTACK:EDGE:4:1000:stab:stabs:NO_SUB:1000]"""
reference	data/vanilla/vanilla_procedural/scripts/generators/entities.lua	737	"lines[#lines+1]=""[NAME:arrow:arrows]"""
reference	data/vanilla/vanilla_procedural/scripts/generators/entities.lua	741	"lines[#lines+1]=""[ATTACK:EDGE:5:1000:stab:stabs:NO_SUB:1000]"""
reference	data/vanilla/vanilla_procedural/scripts/generators/entities.lua	749	"lines[#lines+1]=""[NAME:arrow:arrows]"""
reference	data/vanilla/vanilla_procedural/scripts/generators/entities.lua	753	"lines[#lines+1]=""[ATTACK:EDGE:100:1000:stab:stabs:NO_SUB:1000]"""
reference	data/vanilla/vanilla_procedural/scripts/generators/entities.lua	761	"lines[#lines+1]=""[NAME:arrow:arrows]"""
reference	data/vanilla/vanilla_procedural/scripts/generators/entities.lua	765	"lines[#lines+1]=""[ATTACK:EDGE:50:1000:stab:stabs:NO_SUB:1000]"""
reference	data/vanilla/vanilla_procedural/scripts/generators/entities.lua	773	"lines[#lines+1]=""[NAME:bow:bows]"""
reference	data/vanilla/vanilla_procedural/scripts/generators/entities.lua	789	"lines[#lines+1]=""[ATTACK:BLUNT:10000:4000:bash:bashes:NO_SUB:1250]"""
reference	data/vanilla/vanilla_procedural/scripts/generators/entities.lua	802	"lines[#lines+1]=""[NAME:bolt:bolts]"""
reference	data/vanilla/vanilla_procedural/scripts/generators/entities.lua	806	"lines[#lines+1]=""[ATTACK:EDGE:5:500:stab:stabs:NO_SUB:1000]"""
reference	data/vanilla/vanilla_procedural/scripts/generators/entities.lua	814	"lines[#lines+1]=""[NAME:bolt:bolts]"""
reference	data/vanilla/vanilla_procedural/scripts/generators/entities.lua	818	"lines[#lines+1]=""[ATTACK:EDGE:5:1000:stab:stabs:NO_SUB:1000]"""
reference	data/vanilla/vanilla_procedural/scripts/generators/entities.lua	826	"lines[#lines+1]=""[NAME:bolt:bolts]"""
reference	data/vanilla/vanilla_procedural/scripts/generators/entities.lua	830	"lines[#lines+1]=""[ATTACK:EDGE:10:1000:stab:stabs:NO_SUB:1000]"""
reference	data/vanilla/vanilla_procedural/scripts/generators/entities.lua	838	"lines[#lines+1]=""[NAME:bolt:bolts]"""
reference	data/vanilla/vanilla_procedural/scripts/generators/entities.lua	842	"lines[#lines+1]=""[ATTACK:EDGE:3:1500:stab:stabs:NO_SUB:1000]"""
reference	data/vanilla/vanilla_procedural/scripts/generators/entities.lua	850	"lines[#lines+1]=""[NAME:crossbow:crossbows]"""
reference	data/vanilla/vanilla_procedural/scripts/generators/entities.lua	863	"lines[#lines+1]=""[ATTACK:BLUNT:10000:4000:bash:bashes:NO_SUB:1250]"""
reference	data/vanilla/vanilla_procedural/scripts/generators/entities.lua	876	"lines[#lines+1]=""[NAME:blowdart:blowdarts]"""
reference	data/vanilla/vanilla_procedural/scripts/generators/entities.lua	880	"lines[#lines+1]=""[ATTACK:EDGE:1:50:stick:sticks:NO_SUB:1000]"""
reference	data/vanilla/vanilla_procedural/scripts/generators/entities.lua	888	"lines[#lines+1]=""[NAME:blowdart:blowdarts]"""
reference	data/vanilla/vanilla_procedural/scripts/generators/entities.lua	892	"lines[#lines+1]=""[ATTACK:EDGE:2:50:stick:sticks:NO_SUB:1000]"""
reference	data/vanilla/vanilla_procedural/scripts/generators/entities.lua	900	"lines[#lines+1]=""[NAME:blowdart:blowdarts]"""
reference	data/vanilla/vanilla_procedural/scripts/generators/entities.lua	904	"lines[#lines+1]=""[ATTACK:EDGE:1:50:stick:sticks:NO_SUB:1000]"""
reference	data/vanilla/vanilla_procedural/scripts/generators/entities.lua	912	"lines[#lines+1]=""[NAME:blowdart:blowdarts]"""
reference	data/vanilla/vanilla_procedural/scripts/generators/entities.lua	916	"lines[#lines+1]=""[ATTACK:EDGE:2:50:stick:sticks:NO_SUB:1000]"""
reference	data/vanilla/vanilla_procedural/scripts/generators/entities.lua	924	"lines[#lines+1]=""[NAME:blowgun:blowguns]"""
reference	data/vanilla/vanilla_procedural/scripts/generators/entities.lua	940	"lines[#lines+1]=""[ATTACK:BLUNT:10000:4000:bash:bashes:NO_SUB:1250]"""
reference	data/vanilla/vanilla_procedural/scripts/generators/entities.lua	953	"lines[#lines+1]=""[NAME:battle axe:battle axes]"""
reference	data/vanilla/vanilla_procedural/scripts/generators/entities.lua	959	"lines[#lines+1]=""[ATTACK:EDGE:40000:6000:hack:hacks:NO_SUB:1250]"""
reference	data/vanilla/vanilla_procedural/scripts/generators/entities.lua	961	"lines[#lines+1]=""[ATTACK:BLUNT:40000:6000:slap:slaps:flat:1250]"""
reference	data/vanilla/vanilla_procedural/scripts/generators/entities.lua	963	"lines[#lines+1]=""[ATTACK:BLUNT:100:1000:strike:strikes:pommel:1000]"""
reference	data/vanilla/vanilla_procedural/scripts/generators/entities.lua	972	"lines[#lines+1]=""[NAME:halberd:halberds]"""
reference	data/vanilla/vanilla_procedural/scripts/generators/entities.lua	978	"lines[#lines+1]=""[ATTACK:EDGE:20000:8000:slash:slashes:NO_SUB:1250]"""
reference	data/vanilla/vanilla_procedural/scripts/generators/entities.lua	980	"lines[#lines+1]=""[ATTACK:EDGE:50:2000:stab:stabs:NO_SUB:1000]"""
reference	data/vanilla/vanilla_procedural/scripts/generators/entities.lua	982	"lines[#lines+1]=""[ATTACK:BLUNT:20000:6000:bash:bashes:shaft:1250]"""
reference	data/vanilla/vanilla_procedural/scripts/generators/entities.lua	991	"lines[#lines+1]=""[NAME:great axe:great axes]"""
reference	data/vanilla/vanilla_procedural/scripts/generators/entities.lua	997	"lines[#lines+1]=""[ATTACK:EDGE:60000:8000:hack:hacks:NO_SUB:1250]"""
reference	data/vanilla/vanilla_procedural/scripts/generators/entities.lua	999	"lines[#lines+1]=""[ATTACK:BLUNT:60000:8000:slap:slaps:flat:1250]"""
reference	data/vanilla/vanilla_procedural/scripts/generators/entities.lua	1001	"lines[#lines+1]=""[ATTACK:BLUNT:100:1000:strike:strikes:pommel:1000]"""
reference	data/vanilla/vanilla_procedural/scripts/generators/entities.lua	1010	"lines[#lines+1]=""[NAME:dagger:daggers]"""
reference	data/vanilla/vanilla_procedural/scripts/generators/entities.lua	1016	"lines[#lines+1]=""[ATTACK:EDGE:1000:800:slash:slashes:NO_SUB:1250]"""
reference	data/vanilla/vanilla_procedural/scripts/generators/entities.lua	1018	"lines[#lines+1]=""[ATTACK:EDGE:5:1000:stab:stabs:NO_SUB:1000]"""
reference	data/vanilla/vanilla_procedural/scripts/generators/entities.lua	1020	"lines[#lines+1]=""[ATTACK:BLUNT:20:600:strike:strikes:pommel:1000]"""
reference	data/vanilla/vanilla_procedural/scripts/generators/entities.lua	1029	"lines[#lines+1]=""[NAME:knife:knives]"""
reference	data/vanilla/vanilla_procedural/scripts/generators/entities.lua	1035	"lines[#lines+1]=""[ATTACK:EDGE:1000:800:slash:slashes:NO_SUB:1250]"""
reference	data/vanilla/vanilla_procedural/scripts/generators/entities.lua	1037	"lines[#lines+1]=""[ATTACK:EDGE:5:1000:stab:stabs:NO_SUB:1000]"""
reference	data/vanilla/vanilla_procedural/scripts/generators/entities.lua	1046	"lines[#lines+1]=""[NAME:nail:nails]"""
reference	data/vanilla/vanilla_procedural/scripts/generators/entities.lua	1052	"lines[#lines+1]=""[ATTACK:EDGE:5:1000:stab:stabs:NO_SUB:1000]"""
reference	data/vanilla/vanilla_procedural/scripts/generators/entities.lua	1061	"lines[#lines+1]=""[NAME:spike:spikes]"""
reference	data/vanilla/vanilla_procedural/scripts/generators/entities.lua	1067	"lines[#lines+1]=""[ATTACK:EDGE:5:1000:stab:stabs:NO_SUB:1000]"""
reference	data/vanilla/vanilla_procedural/scripts/generators/entities.lua	1076	"lines[#lines+1]=""[NAME:prong:prongs]"""
reference	data/vanilla/vanilla_procedural/scripts/generators/entities.lua	1082	"lines[#lines+1]=""[ATTACK:EDGE:5:1000:stab:stabs:NO_SUB:1000]"""
reference	data/vanilla/vanilla_procedural/scripts/generators/entities.lua	1091	"lines[#lines+1]=""[NAME:mace:maces]"""
reference	data/vanilla/vanilla_procedural/scripts/generators/entities.lua	1097	"lines[#lines+1]=""[ATTACK:BLUNT:20:200:bash:bashes:NO_SUB:2000]"""
reference	data/vanilla/vanilla_procedural/scripts/generators/entities.lua	1106	"lines[#lines+1]=""[NAME:war hammer:war hammers]"""
reference	data/vanilla/vanilla_procedural/scripts/generators/entities.lua	1112	"lines[#lines+1]=""[ATTACK:BLUNT:10:200:bash:bashes:NO_SUB:2000]"""
reference	data/vanilla/vanilla_procedural/scripts/generators/entities.lua	1121	"lines[#lines+1]=""[NAME:maul:mauls]"""
reference	data/vanilla/vanilla_procedural/scripts/generators/entities.lua	1127	"lines[#lines+1]=""[ATTACK:BLUNT:100:6000:bash:bashes:NO_SUB:2000]"""
reference	data/vanilla/vanilla_procedural/scripts/generators/entities.lua	1136	"lines[#lines+1]=""[NAME:spear:spears]"""
reference	data/vanilla/vanilla_procedural/scripts/generators/entities.lua	1142	"lines[#lines+1]=""[ATTACK:EDGE:20:10000:stab:stabs:NO_SUB:1000]"""
reference	data/vanilla/vanilla_procedural/scripts/generators/entities.lua	1144	"lines[#lines+1]=""[ATTACK:BLUNT:10000:6000:bash:bashes:shaft:1250]"""
reference	data/vanilla/vanilla_procedural/scripts/generators/entities.lua	1153	"lines[#lines+1]=""[NAME:shield:shields]"""
reference	data/vanilla/vanilla_procedural/scripts/generators/evil.lua	47	"mat[#mat+1]= ""[STATE_NAME_ADJ:ALL:""..name_str..""]"""
reference	data/vanilla/vanilla_procedural/scripts/generators/evil.lua	82	"mat[#mat+1]=""        [CE_DISPLAY_NAME:NAME:""..zombie_name_sing.."":""..zombie_name_plur.."":""..zombie_name_sing.."":START:0:ABRUPT]"""
reference	data/vanilla/vanilla_procedural/scripts/generators/evil.lua	147	"mat[#mat+1]= ""[STATE_NAME_ADJ:GAS:boiling ""..name_str..""]"""
reference	data/vanilla/vanilla_procedural/scripts/generators/evil.lua	148	"mat[#mat+1]= ""[STATE_NAME_ADJ:LIQUID: ""..name_str..""]"""
reference	data/vanilla/vanilla_procedural/scripts/generators/evil.lua	149	"mat[#mat+1]= ""[STATE_NAME_ADJ:ALL_SOLID:frozen ""..name_str..""]"""
reference	data/vanilla/vanilla_procedural/scripts/generators/interactions/curse.lua	91	"""[CE_DISPLAY_NAME:NAME:vampire:vampires:vampiric:START:0:CAN_BE_HIDDEN:ABRUPT]"","
reference	data/vanilla/vanilla_procedural/scripts/generators/interactions/curse.lua	92	"""[CE_BP_APPEARANCE_MODIFIER:START:0:BP:BY_CATEGORY:TOOTH:APPEARANCE_MODIFIER:LENGTH:150:ABRUPT]"","
reference	data/vanilla/vanilla_procedural/scripts/generators/interactions/disturbance.lua	88	[CE_DISPLAY_NAME:NAME:mummy:mummies:mummified:START:0:ABRUPT]
reference	data/vanilla/vanilla_procedural/scripts/generators/interactions/item_power.lua	137	"""[CE_BLISTERS:SEV:500:PROB:100:START:0:PEAK:0:END:3:BP:BY_CATEGORY:ALL:SKIN:VASCULAR_ONLY:RESISTABLE]""}"
reference	data/vanilla/vanilla_procedural/scripts/generators/interactions/item_power.lua	196	"""[CE_BLEEDING:SEV:50:PROB:100:START:0:PEAK:0:END:3:BP:BY_CATEGORY:ALL:SKIN:VASCULAR_ONLY:RESISTABLE]""}"
reference	data/vanilla/vanilla_procedural/scripts/generators/interactions/item_power.lua	312	"""[CE_NECROSIS:SEV:500:PROB:100:START:0:PEAK:0:END:3:BP:BY_CATEGORY:ALL:""..pick_random({"
reference	data/vanilla/vanilla_procedural/scripts/generators/interactions/item_power.lua	354	"""[CE_IMPAIR_FUNCTION:SEV:500:PROB:100:START:0:PEAK:0:END:1:BP:BY_CATEGORY:ALL:EYE:RESISTABLE]""}"
reference	data/vanilla/vanilla_procedural/scripts/generators/interactions/item_power.lua	386	"""[CE_IMPAIR_FUNCTION:SEV:500:PROB:100:START:0:PEAK:0:END:1:BP:BY_CATEGORY:LUNG:ALL:RESISTABLE]""}"
reference	data/vanilla/vanilla_procedural/scripts/generators/interactions/mythical.lua	286	"if name_str then tbl[#tbl+1]=""[CE_DISPLAY_NAME:NAME:""..name_str.."":""..name_plural_str.."":""..name_str.."":START:0:ABRUPT]"" end"
reference	data/vanilla/vanilla_procedural/scripts/generators/interactions/secret.lua	148	[CE_DISPLAY_NAME:NAME:necromancer:necromancers:necromantic:START:0:ABRUPT]
reference	data/vanilla/vanilla_procedural/scripts/generators/interactions/secret.lua	295	"[CE_DISPLAY_NAME:NAME:]]..ghost_name.."":""..ghost_name_plural.."":""..ghost_name..[[:START:0:ABRUPT]"
reference	data/vanilla/vanilla_procedural/scripts/generators/interactions/secret.lua	340	"[CE_DISPLAY_NAME:NAME:]]..g_name_sing.."":""..g_name_plur.."":""..g_name_sing..[[:START:0:ABRUPT]"
reference	data/vanilla/vanilla_procedural/scripts/generators/interactions/secret.lua	346	"[CE_SPECIAL_ATTACK_INTERACTION:INTERACTION:]]..ghoul_token.."":BP:BY_CATEGORY:MOUTH:BP:BY_CATEGORY:TOOTH:START:0:ABRUPT]"""
reference	data/vanilla/vanilla_procedural/scripts/generators/interactions.lua	264	"[CE_DISPLAY_NAME:NAME:]]..name.."":""..name_plural.."":""..name..[[:START:0:ABRUPT]"
reference	data/vanilla/vanilla_procedural/scripts/generators/materials.lua	147	"lines[#lines+1]=""[STATE_NAME_ADJ:ALL_SOLID:""..pick_random(mythical_remnant_adjectives).."" ""..sph_info.name..""]"""
reference	data/vanilla/vanilla_procedural/scripts/generators/materials.lua	217	"lines[#lines+1]=""[STATE_NAME_ADJ:LIQUID:""..name_str..""]"""
reference	data/vanilla/vanilla_procedural/scripts/generators/materials.lua	218	"lines[#lines+1]=""[STATE_NAME_ADJ:ALL_SOLID:frozen ""..name_str..""]"""
reference	data/vanilla/vanilla_procedural/scripts/generators/materials.lua	223	"lines[#lines+1]=""[STATE_NAME_ADJ:LIQUID:molten ""..name_str..""]"""
reference	data/vanilla/vanilla_procedural/scripts/generators/materials.lua	224	"lines[#lines+1]=""[STATE_NAME_ADJ:ALL_SOLID:""..name_str..""]"""
reference	data/vanilla/vanilla_procedural/scripts/generators/materials.lua	227	"lines[#lines+1]=""[STATE_NAME_ADJ:GAS:boiling ""..name_str..""]"""
reference	data/vanilla/vanilla_procedural/scripts/generators/materials.lua	260	"lines[#lines+1]=""        [CE_REGROW_PARTS:SEV:100:PROB:100:START:0:PEAK:0:END:12:ABRUPT:BP:BY_CATEGORY:ALL:ALL]"""
reference	data/vanilla/vanilla_procedural/scripts/generators/materials.lua	261	"lines[#lines+1]=""        [CE_CLOSE_OPEN_WOUNDS:SEV:100:PROB:100:START:0:PEAK:0:END:12:ABRUPT:BP:BY_CATEGORY:ALL:ALL]"""
reference	data/vanilla/vanilla_procedural/scripts/generators/materials.lua	262	"lines[#lines+1]=""        [CE_HEAL_TISSUES:SEV:100:PROB:100:START:0:PEAK:0:END:12:ABRUPT:BP:BY_CATEGORY:ALL:ALL]"""
reference	data/vanilla/vanilla_procedural/scripts/generators/materials.lua	263	"lines[#lines+1]=""        [CE_HEAL_NERVES:SEV:100:PROB:100:START:0:PEAK:0:END:12:ABRUPT:BP:BY_CATEGORY:ALL:ALL]"""
reference	data/vanilla/vanilla_procedural/scripts/generators/materials.lua	264	"lines[#lines+1]=""        [CE_STOP_BLEEDING:SEV:100:PROB:100:START:0:PEAK:0:END:12:ABRUPT:BP:BY_CATEGORY:ALL:ALL]"""
reference	data/vanilla/vanilla_procedural/scripts/generators/materials.lua	265	"lines[#lines+1]=""        [CE_REDUCE_PAIN:SEV:100:PROB:100:START:0:PEAK:0:END:12:ABRUPT:BP:BY_CATEGORY:ALL:ALL]"""
reference	data/vanilla/vanilla_procedural/scripts/generators/materials.lua	268	"lines[#lines+1]=""        [CE_REDUCE_SWELLING:SEV:100:PROB:100:START:0:PEAK:0:END:12:ABRUPT:BP:BY_CATEGORY:ALL:ALL]"""
reference	data/vanilla/vanilla_procedural/scripts/generators/materials.lua	269	"lines[#lines+1]=""        [CE_CURE_INFECTION:SEV:100:PROB:100:START:0:PEAK:0:END:12:ABRUPT:BP:BY_CATEGORY:ALL:ALL]"""
reference	data/vanilla/vanilla_procedural/scripts/generators/materials.lua	270	"lines[#lines+1]=""        [CE_REDUCE_PARALYSIS:SEV:100:PROB:100:START:0:PEAK:0:END:12:ABRUPT:BP:BY_CATEGORY:ALL:ALL]"""
classic	data/vanilla/vanilla_procedural/scripts/generators/creatures/shared_info.lua	5460	"lines[#lines+1]=""[ATTACK:PUNCH:BODYPART:BY_TYPE:GRASP]"""
classic	data/vanilla/vanilla_procedural/scripts/generators/creatures/shared_info.lua	5462	"lines[#lines+1]=""\t[ATTACK_VERB:punch:punches]"""
classic	data/vanilla/vanilla_procedural/scripts/generators/creatures/shared_info.lua	5471	"lines[#lines+1]=""[ATTACK:PINCER:BODYPART:BY_CATEGORY:PINCER]"""
classic	data/vanilla/vanilla_procedural/scripts/generators/creatures/shared_info.lua	5473	"lines[#lines+1]=""\t[ATTACK_VERB:snatch:snatches]"""
classic	data/vanilla/vanilla_procedural/scripts/generators/creatures/shared_info.lua	5488	"lines[#lines+1]=""[ATTACK:KICK:BODYPART:BY_TYPE:STANCE]"""
classic	data/vanilla/vanilla_procedural/scripts/generators/creatures/shared_info.lua	5490	"lines[#lines+1]=""\t[ATTACK_VERB:kick:kicks]"""
classic	data/vanilla/vanilla_procedural/scripts/generators/creatures/shared_info.lua	5500	"lines[#lines+1]=""[ATTACK:STING:BODYPART:BY_CATEGORY:STINGER]"""
classic	data/vanilla/vanilla_procedural/scripts/generators/creatures/shared_info.lua	5502	"lines[#lines+1]=""\t[ATTACK_VERB:sting:stings]"""
classic	data/vanilla/vanilla_procedural/scripts/generators/creatures/shared_info.lua	5513	"lines[#lines+1]=""[ATTACK:SUCK:BODYPART:BY_CATEGORY:PROBOSCIS]"""
classic	data/vanilla/vanilla_procedural/scripts/generators/creatures/shared_info.lua	5515	"lines[#lines+1]=""\t[ATTACK_VERB:stab:stabs]"""
classic	data/vanilla/vanilla_procedural/scripts/generators/creatures/shared_info.lua	5530	"lines[#lines+1]=""[ATTACK:HORN:BODYPART:BY_CATEGORY:HORN]"""
classic	data/vanilla/vanilla_procedural/scripts/generators/creatures/shared_info.lua	5532	"lines[#lines+1]=""\t[ATTACK_VERB:gore:gores]"""
classic	data/vanilla/vanilla_procedural/scripts/generators/creatures/shared_info.lua	5542	"lines[#lines+1]=""[ATTACK:BITE:BODYPART:BY_CATEGORY:MANDIBLE]"""
classic	data/vanilla/vanilla_procedural/scripts/generators/creatures/shared_info.lua	5544	"lines[#lines+1]=""\t[ATTACK_VERB:stab:stabs]"""
classic	data/vanilla/vanilla_procedural/scripts/generators/creatures/shared_info.lua	5554	"lines[#lines+1]=""[ATTACK:BITE:BODYPART:BY_CATEGORY:BEAK]"""
classic	data/vanilla/vanilla_procedural/scripts/generators/creatures/shared_info.lua	5556	"lines[#lines+1]=""\t[ATTACK_VERB:bite:bites]"""
classic	data/vanilla/vanilla_procedural/scripts/generators/creatures/shared_info.lua	5571	"lines[#lines+1]=""[ATTACK:BITE:CHILD_BODYPART_GROUP:BY_CATEGORY:HEAD:BY_CATEGORY:TOOTH]"""
classic	data/vanilla/vanilla_procedural/scripts/generators/creatures/shared_info.lua	5573	"lines[#lines+1]=""\t[ATTACK_VERB:bite:bites]"""
classic	data/vanilla/vanilla_procedural/scripts/generators/creatures/shared_info.lua	5590	"lines[#lines+1]=""[ATTACK:BITE:BODYPART:BY_CATEGORY:MOUTH]"""
classic	data/vanilla/vanilla_procedural/scripts/generators/creatures/shared_info.lua	5592	"lines[#lines+1]=""\t[ATTACK_VERB:bite:bites]"""
classic	data/vanilla/vanilla_procedural/scripts/generators/creatures/shared_info.lua	5610	"lines[#lines+1]=""[ATTACK:FSCRATCH:CHILD_TISSUE_LAYER_GROUP:BY_TYPE:GRASP:BY_CATEGORY:ALL:CLAW]"""
classic	data/vanilla/vanilla_procedural/scripts/generators/creatures/shared_info.lua	5612	"lines[#lines+1]=""\t[ATTACK_VERB:scratch:scratches]"""
classic	data/vanilla/vanilla_procedural/scripts/generators/creatures/shared_info.lua	5622	"lines[#lines+1]=""[ATTACK:TSCRATCH:CHILD_TISSUE_LAYER_GROUP:BY_TYPE:STANCE:BY_CATEGORY:ALL:CLAW]"""
classic	data/vanilla/vanilla_procedural/scripts/generators/creatures/shared_info.lua	5624	"lines[#lines+1]=""\t[ATTACK_VERB:scratch:scratches]"""
classic	data/vanilla/vanilla_procedural/scripts/generators/creatures/shared_info.lua	5635	"lines[#lines+1]=""[ATTACK:FSCRATCH:CHILD_TISSUE_LAYER_GROUP:BY_TYPE:GRASP:BY_CATEGORY:ALL:NAIL]"""
classic	data/vanilla/vanilla_procedural/scripts/generators/creatures/shared_info.lua	5637	"lines[#lines+1]=""\t[ATTACK_VERB:scratch:scratches]"""
classic	data/vanilla/vanilla_procedural/scripts/generators/creatures/shared_info.lua	5647	"lines[#lines+1]=""[ATTACK:TSCRATCH:CHILD_TISSUE_LAYER_GROUP:BY_TYPE:STANCE:BY_CATEGORY:ALL:NAIL]"""
classic	data/vanilla/vanilla_procedural/scripts/generators/creatures/shared_info.lua	5649	"lines[#lines+1]=""\t[ATTACK_VERB:scratch:scratches]"""
classic	data/vanilla/vanilla_procedural/scripts/generators/creatures/shared_info.lua	5660	"lines[#lines+1]=""[ATTACK:FSCRATCH:CHILD_TISSUE_LAYER_GROUP:BY_TYPE:GRASP:BY_CATEGORY:ALL:TALON]"""
classic	data/vanilla/vanilla_procedural/scripts/generators/creatures/shared_info.lua	5662	"lines[#lines+1]=""\t[ATTACK_VERB:scratch:scratches]"""
classic	data/vanilla/vanilla_procedural/scripts/generators/creatures/shared_info.lua	5672	"lines[#lines+1]=""[ATTACK:TSCRATCH:CHILD_TISSUE_LAYER_GROUP:BY_TYPE:STANCE:BY_CATEGORY:ALL:TALON]"""
classic	data/vanilla/vanilla_procedural/scripts/generators/creatures/shared_info.lua	5674	"lines[#lines+1]=""\t[ATTACK_VERB:scratch:scratches]"""
classic	data/vanilla/vanilla_procedural/scripts/generators/creatures.lua	166	[NAME:forgotten beast:forgotten beasts:forgotten beast]
classic	data/vanilla/vanilla_procedural/scripts/generators/creatures.lua	167	[CASTE_NAME:forgotten beast:forgotten beasts:forgotten beast]
classic	data/vanilla/vanilla_procedural/scripts/generators/creatures.lua	246	"tbl[#tbl+1]=""[NAME:""..name_str"
classic	data/vanilla/vanilla_procedural/scripts/generators/creatures.lua	247	"tbl[#tbl+1]=""[CASTE_NAME:""..name_str"
classic	data/vanilla/vanilla_procedural/scripts/generators/creatures.lua	511	"tbl[#tbl+1]=""[NAME:""..name_str..""]"""
classic	data/vanilla/vanilla_procedural/scripts/generators/creatures.lua	512	"tbl[#tbl+1]=""[CASTE_NAME:""..name_str..""]"""
classic	data/vanilla/vanilla_procedural/scripts/generators/creatures.lua	851	"lines[#lines+1]=""[CASTE_NAME:""..name_str..""]"""
classic	data/vanilla/vanilla_procedural/scripts/generators/creatures.lua	854	"lines[#lines+1]=""[CASTE_NAME:""..cstr..""]"""
classic	data/vanilla/vanilla_procedural/scripts/generators/creatures.lua	856	"lines[#lines+1]=""[NAME:""..name_str..""]"""
classic	data/vanilla/vanilla_procedural/scripts/generators/creatures.lua	953	"lines[#lines+1]=""[NAME:""..name_str"
classic	data/vanilla/vanilla_procedural/scripts/generators/creatures.lua	954	"lines[#lines+1]=""[CASTE_NAME:""..name_str"
classic	data/vanilla/vanilla_procedural/scripts/generators/creatures.lua	1041	"lines[#lines+1]=""[NAME:""..name_str"
classic	data/vanilla/vanilla_procedural/scripts/generators/creatures.lua	1042	"lines[#lines+1]=""[CASTE_NAME:""..name_str"
classic	data/vanilla/vanilla_procedural/scripts/generators/creatures.lua	1249	"lines[#lines+1]=""[NAME:""..name_str"
classic	data/vanilla/vanilla_procedural/scripts/generators/creatures.lua	1250	"lines[#lines+1]=""[CASTE_NAME:""..name_str"
classic	data/vanilla/vanilla_procedural/scripts/generators/creatures.lua	1473	"lines[#lines+1]=""[NAME:""..full_name_str..""]"""
classic	data/vanilla/vanilla_procedural/scripts/generators/creatures.lua	1474	"lines[#lines+1]=""[CASTE_NAME:""..full_name_str..""]"""
classic	data/vanilla/vanilla_procedural/scripts/generators/creatures.lua	2077	"lines[#lines+1]=""[NAME:""..str..""]"""
classic	data/vanilla/vanilla_procedural/scripts/generators/creatures.lua	2078	"lines[#lines+1]=""[CASTE_NAME:""..str..""]"""
classic	data/vanilla/vanilla_procedural/scripts/generators/divine.lua	142	"m.mat[#m.mat+1]=""[STATE_NAME_ADJ:ALL_SOLID:""..mat_info.name..""]"""
classic	data/vanilla/vanilla_procedural/scripts/generators/divine.lua	375	"m.mat[#m.mat+1]=""[STATE_NAME_ADJ:ALL_SOLID:""..mat_info.name..""]"""
classic	data/vanilla/vanilla_procedural/scripts/generators/entities.lua	212	"lines[#lines+1]=""[NAME:greaves:greaves]"""
classic	data/vanilla/vanilla_procedural/scripts/generators/entities.lua	231	"lines[#lines+1]=""[NAME:skirt:skirts]"""
classic	data/vanilla/vanilla_procedural/scripts/generators/entities.lua	244	"lines[#lines+1]=""[NAME:breastplate:breastplates]"""
classic	data/vanilla/vanilla_procedural/scripts/generators/entities.lua	261	"lines[#lines+1]=""[NAME:coat:coats]"""
classic	data/vanilla/vanilla_procedural/scripts/generators/entities.lua	276	"lines[#lines+1]=""[NAME:shirt:shirts]"""
classic	data/vanilla/vanilla_procedural/scripts/generators/entities.lua	291	"lines[#lines+1]=""[NAME:cloak:cloaks]"""
classic	data/vanilla/vanilla_procedural/scripts/generators/entities.lua	306	"lines[#lines+1]=""[NAME:tunic:tunics]"""
classic	data/vanilla/vanilla_procedural/scripts/generators/entities.lua	321	"lines[#lines+1]=""[NAME:toga:togas]"""
classic	data/vanilla/vanilla_procedural/scripts/generators/entities.lua	336	"lines[#lines+1]=""[NAME:cape:capes]"""
classic	data/vanilla/vanilla_procedural/scripts/generators/entities.lua	351	"lines[#lines+1]=""[NAME:vest:vests]"""
classic	data/vanilla/vanilla_procedural/scripts/generators/entities.lua	366	"lines[#lines+1]=""[NAME:dress:dresses]"""
classic	data/vanilla/vanilla_procedural/scripts/generators/entities.lua	381	"lines[#lines+1]=""[NAME:robe:robes]"""
classic	data/vanilla/vanilla_procedural/scripts/generators/entities.lua	396	"lines[#lines+1]=""[NAME:helm:helms]"""
classic	data/vanilla/vanilla_procedural/scripts/generators/entities.lua	415	"lines[#lines+1]=""[NAME:cap:caps]"""
classic	data/vanilla/vanilla_procedural/scripts/generators/entities.lua	432	"lines[#lines+1]=""[NAME:hood:hoods]"""
classic	data/vanilla/vanilla_procedural/scripts/generators/entities.lua	445	"lines[#lines+1]=""[NAME:turban:turbans]"""
classic	data/vanilla/vanilla_procedural/scripts/generators/entities.lua	458	"lines[#lines+1]=""[NAME:mask:masks]"""
classic	data/vanilla/vanilla_procedural/scripts/generators/entities.lua	476	"lines[#lines+1]=""[NAME:head veil:head veils]"""
classic	data/vanilla/vanilla_procedural/scripts/generators/entities.lua	489	"lines[#lines+1]=""[NAME:face veil:face veils]"""
classic	data/vanilla/vanilla_procedural/scripts/generators/entities.lua	502	"lines[#lines+1]=""[NAME:headscarf:headscarves]"""
classic	data/vanilla/vanilla_procedural/scripts/generators/entities.lua	515	"lines[#lines+1]=""[NAME:gauntlet:gauntlets]"""
classic	data/vanilla/vanilla_procedural/scripts/generators/entities.lua	532	"lines[#lines+1]=""[NAME:glove:gloves]"""
classic	data/vanilla/vanilla_procedural/scripts/generators/entities.lua	545	"lines[#lines+1]=""[NAME:mitten:mittens]"""
classic	data/vanilla/vanilla_procedural/scripts/generators/entities.lua	558	"lines[#lines+1]=""[NAME:high boot:high boots]"""
classic	data/vanilla/vanilla_procedural/scripts/generators/entities.lua	574	"lines[#lines+1]=""[NAME:low boot:low boots]"""
classic	data/vanilla/vanilla_procedural/scripts/generators/entities.lua	589	"lines[#lines+1]=""[NAME:shoe:shoes]"""
classic	data/vanilla/vanilla_procedural/scripts/generators/entities.lua	602	"lines[#lines+1]=""[NAME:sandal:sandals]"""
classic	data/vanilla/vanilla_procedural/scripts/generators/entities.lua	615	"lines[#lines+1]=""[NAME:chausse:chausses]"""
classic	data/vanilla/vanilla_procedural/scripts/generators/entities.lua	629	"lines[#lines+1]=""[NAME:sock:socks]"""
classic	data/vanilla/vanilla_procedural/scripts/generators/entities.lua	642	"lines[#lines+1]=""[NAME:""..name..""]"""
classic	data/vanilla/vanilla_procedural/scripts/generators/entities.lua	649	"lines[#lines+1]=""[ATTACK:EDGE:20000:4000:slash:slashes:NO_SUB:1250]"""
classic	data/vanilla/vanilla_procedural/scripts/generators/entities.lua	651	"lines[#lines+1]=""[ATTACK:EDGE:50:2000:stab:stabs:NO_SUB:1000]"""
classic	data/vanilla/vanilla_procedural/scripts/generators/entities.lua	653	"lines[#lines+1]=""[ATTACK:BLUNT:20000:4000:slap:slaps:flat:1250]"""
classic	data/vanilla/vanilla_procedural/scripts/generators/entities.lua	655	"lines[#lines+1]=""[ATTACK:BLUNT:100:1000:strike:strikes:pommel:1000]"""
classic	data/vanilla/vanilla_procedural/scripts/generators/entities.lua	668	"lines[#lines+1]=""[NAME:pike:pikes]"""
classic	data/vanilla/vanilla_procedural/scripts/generators/entities.lua	675	"lines[#lines+1]=""[ATTACK:EDGE:20:12000:stab:stabs:NO_SUB:1000]"""
classic	data/vanilla/vanilla_procedural/scripts/generators/entities.lua	677	"lines[#lines+1]=""[ATTACK:BLUNT:10000:6000:bash:bashes:shaft:1250]"""
classic	data/vanilla/vanilla_procedural/scripts/generators/entities.lua	686	"lines[#lines+1]=""[NAME:""..name..""]"""
classic	data/vanilla/vanilla_procedural/scripts/generators/entities.lua	693	"lines[#lines+1]=""[ATTACK:BLUNT:1:10:lash:lashes:NO_SUB:5000]"""
classic	data/vanilla/vanilla_procedural/scripts/generators/entities.lua	707	"lines[#lines+1]=""[NAME:scourge:scourges]"""
classic	data/vanilla/vanilla_procedural/scripts/generators/entities.lua	714	"lines[#lines+1]=""[ATTACK:EDGE:10:50:lash:lashes:NO_SUB:2000]"""
classic	data/vanilla/vanilla_procedural/scripts/generators/entities.lua	725	"lines[#lines+1]=""[NAME:arrow:arrows]"""
classic	data/vanilla/vanilla_procedural/scripts/generators/entities.lua	729	"lines[#lines+1]=""[ATTACK:EDGE:4:1000:stab:stabs:NO_SUB:1000]"""
classic	data/vanilla/vanilla_procedural/scripts/generators/entities.lua	737	"lines[#lines+1]=""[NAME:arrow:arrows]"""
classic	data/vanilla/vanilla_procedural/scripts/generators/entities.lua	741	"lines[#lines+1]=""[ATTACK:EDGE:5:1000:stab:stabs:NO_SUB:1000]"""
classic	data/vanilla/vanilla_procedural/scripts/generators/entities.lua	749	"lines[#lines+1]=""[NAME:arrow:arrows]"""
classic	data/vanilla/vanilla_procedural/scripts/generators/entities.lua	753	"lines[#lines+1]=""[ATTACK:EDGE:100:1000:stab:stabs:NO_SUB:1000]"""
classic	data/vanilla/vanilla_procedural/scripts/generators/entities.lua	761	"lines[#lines+1]=""[NAME:arrow:arrows]"""
classic	data/vanilla/vanilla_procedural/scripts/generators/entities.lua	765	"lines[#lines+1]=""[ATTACK:EDGE:50:1000:stab:stabs:NO_SUB:1000]"""
classic	data/vanilla/vanilla_procedural/scripts/generators/entities.lua	773	"lines[#lines+1]=""[NAME:bow:bows]"""
classic	data/vanilla/vanilla_procedural/scripts/generators/entities.lua	789	"lines[#lines+1]=""[ATTACK:BLUNT:10000:4000:bash:bashes:NO_SUB:1250]"""
classic	data/vanilla/vanilla_procedural/scripts/generators/entities.lua	802	"lines[#lines+1]=""[NAME:bolt:bolts]"""
classic	data/vanilla/vanilla_procedural/scripts/generators/entities.lua	806	"lines[#lines+1]=""[ATTACK:EDGE:5:500:stab:stabs:NO_SUB:1000]"""
classic	data/vanilla/vanilla_procedural/scripts/generators/entities.lua	814	"lines[#lines+1]=""[NAME:bolt:bolts]"""
classic	data/vanilla/vanilla_procedural/scripts/generators/entities.lua	818	"lines[#lines+1]=""[ATTACK:EDGE:5:1000:stab:stabs:NO_SUB:1000]"""
classic	data/vanilla/vanilla_procedural/scripts/generators/entities.lua	826	"lines[#lines+1]=""[NAME:bolt:bolts]"""
classic	data/vanilla/vanilla_procedural/scripts/generators/entities.lua	830	"lines[#lines+1]=""[ATTACK:EDGE:10:1000:stab:stabs:NO_SUB:1000]"""
classic	data/vanilla/vanilla_procedural/scripts/generators/entities.lua	838	"lines[#lines+1]=""[NAME:bolt:bolts]"""
classic	data/vanilla/vanilla_procedural/scripts/generators/entities.lua	842	"lines[#lines+1]=""[ATTACK:EDGE:3:1500:stab:stabs:NO_SUB:1000]"""
classic	data/vanilla/vanilla_procedural/scripts/generators/entities.lua	850	"lines[#lines+1]=""[NAME:crossbow:crossbows]"""
classic	data/vanilla/vanilla_procedural/scripts/generators/entities.lua	863	"lines[#lines+1]=""[ATTACK:BLUNT:10000:4000:bash:bashes:NO_SUB:1250]"""
classic	data/vanilla/vanilla_procedural/scripts/generators/entities.lua	876	"lines[#lines+1]=""[NAME:blowdart:blowdarts]"""
classic	data/vanilla/vanilla_procedural/scripts/generators/entities.lua	880	"lines[#lines+1]=""[ATTACK:EDGE:1:50:stick:sticks:NO_SUB:1000]"""
classic	data/vanilla/vanilla_procedural/scripts/generators/entities.lua	888	"lines[#lines+1]=""[NAME:blowdart:blowdarts]"""
classic	data/vanilla/vanilla_procedural/scripts/generators/entities.lua	892	"lines[#lines+1]=""[ATTACK:EDGE:2:50:stick:sticks:NO_SUB:1000]"""
classic	data/vanilla/vanilla_procedural/scripts/generators/entities.lua	900	"lines[#lines+1]=""[NAME:blowdart:blowdarts]"""
classic	data/vanilla/vanilla_procedural/scripts/generators/entities.lua	904	"lines[#lines+1]=""[ATTACK:EDGE:1:50:stick:sticks:NO_SUB:1000]"""
classic	data/vanilla/vanilla_procedural/scripts/generators/entities.lua	912	"lines[#lines+1]=""[NAME:blowdart:blowdarts]"""
classic	data/vanilla/vanilla_procedural/scripts/generators/entities.lua	916	"lines[#lines+1]=""[ATTACK:EDGE:2:50:stick:sticks:NO_SUB:1000]"""
classic	data/vanilla/vanilla_procedural/scripts/generators/entities.lua	924	"lines[#lines+1]=""[NAME:blowgun:blowguns]"""
classic	data/vanilla/vanilla_procedural/scripts/generators/entities.lua	940	"lines[#lines+1]=""[ATTACK:BLUNT:10000:4000:bash:bashes:NO_SUB:1250]"""
classic	data/vanilla/vanilla_procedural/scripts/generators/entities.lua	953	"lines[#lines+1]=""[NAME:battle axe:battle axes]"""
classic	data/vanilla/vanilla_procedural/scripts/generators/entities.lua	959	"lines[#lines+1]=""[ATTACK:EDGE:40000:6000:hack:hacks:NO_SUB:1250]"""
classic	data/vanilla/vanilla_procedural/scripts/generators/entities.lua	961	"lines[#lines+1]=""[ATTACK:BLUNT:40000:6000:slap:slaps:flat:1250]"""
classic	data/vanilla/vanilla_procedural/scripts/generators/entities.lua	963	"lines[#lines+1]=""[ATTACK:BLUNT:100:1000:strike:strikes:pommel:1000]"""
classic	data/vanilla/vanilla_procedural/scripts/generators/entities.lua	972	"lines[#lines+1]=""[NAME:halberd:halberds]"""
classic	data/vanilla/vanilla_procedural/scripts/generators/entities.lua	978	"lines[#lines+1]=""[ATTACK:EDGE:20000:8000:slash:slashes:NO_SUB:1250]"""
classic	data/vanilla/vanilla_procedural/scripts/generators/entities.lua	980	"lines[#lines+1]=""[ATTACK:EDGE:50:2000:stab:stabs:NO_SUB:1000]"""
classic	data/vanilla/vanilla_procedural/scripts/generators/entities.lua	982	"lines[#lines+1]=""[ATTACK:BLUNT:20000:6000:bash:bashes:shaft:1250]"""
classic	data/vanilla/vanilla_procedural/scripts/generators/entities.lua	991	"lines[#lines+1]=""[NAME:great axe:great axes]"""
classic	data/vanilla/vanilla_procedural/scripts/generators/entities.lua	997	"lines[#lines+1]=""[ATTACK:EDGE:60000:8000:hack:hacks:NO_SUB:1250]"""
classic	data/vanilla/vanilla_procedural/scripts/generators/entities.lua	999	"lines[#lines+1]=""[ATTACK:BLUNT:60000:8000:slap:slaps:flat:1250]"""
classic	data/vanilla/vanilla_procedural/scripts/generators/entities.lua	1001	"lines[#lines+1]=""[ATTACK:BLUNT:100:1000:strike:strikes:pommel:1000]"""
classic	data/vanilla/vanilla_procedural/scripts/generators/entities.lua	1010	"lines[#lines+1]=""[NAME:dagger:daggers]"""
classic	data/vanilla/vanilla_procedural/scripts/generators/entities.lua	1016	"lines[#lines+1]=""[ATTACK:EDGE:1000:800:slash:slashes:NO_SUB:1250]"""
classic	data/vanilla/vanilla_procedural/scripts/generators/entities.lua	1018	"lines[#lines+1]=""[ATTACK:EDGE:5:1000:stab:stabs:NO_SUB:1000]"""
classic	data/vanilla/vanilla_procedural/scripts/generators/entities.lua	1020	"lines[#lines+1]=""[ATTACK:BLUNT:20:600:strike:strikes:pommel:1000]"""
classic	data/vanilla/vanilla_procedural/scripts/generators/entities.lua	1029	"lines[#lines+1]=""[NAME:knife:knives]"""
classic	data/vanilla/vanilla_procedural/scripts/generators/entities.lua	1035	"lines[#lines+1]=""[ATTACK:EDGE:1000:800:slash:slashes:NO_SUB:1250]"""
classic	data/vanilla/vanilla_procedural/scripts/generators/entities.lua	1037	"lines[#lines+1]=""[ATTACK:EDGE:5:1000:stab:stabs:NO_SUB:1000]"""
classic	data/vanilla/vanilla_procedural/scripts/generators/entities.lua	1046	"lines[#lines+1]=""[NAME:nail:nails]"""
classic	data/vanilla/vanilla_procedural/scripts/generators/entities.lua	1052	"lines[#lines+1]=""[ATTACK:EDGE:5:1000:stab:stabs:NO_SUB:1000]"""
classic	data/vanilla/vanilla_procedural/scripts/generators/entities.lua	1061	"lines[#lines+1]=""[NAME:spike:spikes]"""
classic	data/vanilla/vanilla_procedural/scripts/generators/entities.lua	1067	"lines[#lines+1]=""[ATTACK:EDGE:5:1000:stab:stabs:NO_SUB:1000]"""
classic	data/vanilla/vanilla_procedural/scripts/generators/entities.lua	1076	"lines[#lines+1]=""[NAME:prong:prongs]"""
classic	data/vanilla/vanilla_procedural/scripts/generators/entities.lua	1082	"lines[#lines+1]=""[ATTACK:EDGE:5:1000:stab:stabs:NO_SUB:1000]"""
classic	data/vanilla/vanilla_procedural/scripts/generators/entities.lua	1091	"lines[#lines+1]=""[NAME:mace:maces]"""
classic	data/vanilla/vanilla_procedural/scripts/generators/entities.lua	1097	"lines[#lines+1]=""[ATTACK:BLUNT:20:200:bash:bashes:NO_SUB:2000]"""
classic	data/vanilla/vanilla_procedural/scripts/generators/entities.lua	1106	"lines[#lines+1]=""[NAME:war hammer:war hammers]"""
classic	data/vanilla/vanilla_procedural/scripts/generators/entities.lua	1112	"lines[#lines+1]=""[ATTACK:BLUNT:10:200:bash:bashes:NO_SUB:2000]"""
classic	data/vanilla/vanilla_procedural/scripts/generators/entities.lua	1121	"lines[#lines+1]=""[NAME:maul:mauls]"""
classic	data/vanilla/vanilla_procedural/scripts/generators/entities.lua	1127	"lines[#lines+1]=""[ATTACK:BLUNT:100:6000:bash:bashes:NO_SUB:2000]"""
classic	data/vanilla/vanilla_procedural/scripts/generators/entities.lua	1136	"lines[#lines+1]=""[NAME:spear:spears]"""
classic	data/vanilla/vanilla_procedural/scripts/generators/entities.lua	1142	"lines[#lines+1]=""[ATTACK:EDGE:20:10000:stab:stabs:NO_SUB:1000]"""
classic	data/vanilla/vanilla_procedural/scripts/generators/entities.lua	1144	"lines[#lines+1]=""[ATTACK:BLUNT:10000:6000:bash:bashes:shaft:1250]"""
classic	data/vanilla/vanilla_procedural/scripts/generators/entities.lua	1153	"lines[#lines+1]=""[NAME:shield:shields]"""
classic	data/vanilla/vanilla_procedural/scripts/generators/evil.lua	47	"mat[#mat+1]= ""[STATE_NAME_ADJ:ALL:""..name_str..""]"""
classic	data/vanilla/vanilla_procedural/scripts/generators/evil.lua	82	"mat[#mat+1]=""        [CE_DISPLAY_NAME:NAME:""..zombie_name_sing.."":""..zombie_name_plur.."":""..zombie_name_sing.."":START:0:ABRUPT]"""
classic	data/vanilla/vanilla_procedural/scripts/generators/evil.lua	147	"mat[#mat+1]= ""[STATE_NAME_ADJ:GAS:boiling ""..name_str..""]"""
classic	data/vanilla/vanilla_procedural/scripts/generators/evil.lua	148	"mat[#mat+1]= ""[STATE_NAME_ADJ:LIQUID: ""..name_str..""]"""
classic	data/vanilla/vanilla_procedural/scripts/generators/evil.lua	149	"mat[#mat+1]= ""[STATE_NAME_ADJ:ALL_SOLID:frozen ""..name_str..""]"""
classic	data/vanilla/vanilla_procedural/scripts/generators/interactions/curse.lua	91	"""[CE_DISPLAY_NAME:NAME:vampire:vampires:vampiric:START:0:CAN_BE_HIDDEN:ABRUPT]"","
classic	data/vanilla/vanilla_procedural/scripts/generators/interactions/curse.lua	92	"""[CE_BP_APPEARANCE_MODIFIER:START:0:BP:BY_CATEGORY:TOOTH:APPEARANCE_MODIFIER:LENGTH:150:ABRUPT]"","
classic	data/vanilla/vanilla_procedural/scripts/generators/interactions/disturbance.lua	88	[CE_DISPLAY_NAME:NAME:mummy:mummies:mummified:START:0:ABRUPT]
classic	data/vanilla/vanilla_procedural/scripts/generators/interactions/item_power.lua	137	"""[CE_BLISTERS:SEV:500:PROB:100:START:0:PEAK:0:END:3:BP:BY_CATEGORY:ALL:SKIN:VASCULAR_ONLY:RESISTABLE]""}"
classic	data/vanilla/vanilla_procedural/scripts/generators/interactions/item_power.lua	196	"""[CE_BLEEDING:SEV:50:PROB:100:START:0:PEAK:0:END:3:BP:BY_CATEGORY:ALL:SKIN:VASCULAR_ONLY:RESISTABLE]""}"
classic	data/vanilla/vanilla_procedural/scripts/generators/interactions/item_power.lua	312	"""[CE_NECROSIS:SEV:500:PROB:100:START:0:PEAK:0:END:3:BP:BY_CATEGORY:ALL:""..pick_random({"
classic	data/vanilla/vanilla_procedural/scripts/generators/interactions/item_power.lua	354	"""[CE_IMPAIR_FUNCTION:SEV:500:PROB:100:START:0:PEAK:0:END:1:BP:BY_CATEGORY:ALL:EYE:RESISTABLE]""}"
classic	data/vanilla/vanilla_procedural/scripts/generators/interactions/item_power.lua	386	"""[CE_IMPAIR_FUNCTION:SEV:500:PROB:100:START:0:PEAK:0:END:1:BP:BY_CATEGORY:LUNG:ALL:RESISTABLE]""}"
classic	data/vanilla/vanilla_procedural/scripts/generators/interactions/mythical.lua	286	"if name_str then tbl[#tbl+1]=""[CE_DISPLAY_NAME:NAME:""..name_str.."":""..name_plural_str.."":""..name_str.."":START:0:ABRUPT]"" end"
classic	data/vanilla/vanilla_procedural/scripts/generators/interactions/secret.lua	148	[CE_DISPLAY_NAME:NAME:necromancer:necromancers:necromantic:START:0:ABRUPT]
classic	data/vanilla/vanilla_procedural/scripts/generators/interactions/secret.lua	295	"[CE_DISPLAY_NAME:NAME:]]..ghost_name.."":""..ghost_name_plural.."":""..ghost_name..[[:START:0:ABRUPT]"
classic	data/vanilla/vanilla_procedural/scripts/generators/interactions/secret.lua	340	"[CE_DISPLAY_NAME:NAME:]]..g_name_sing.."":""..g_name_plur.."":""..g_name_sing..[[:START:0:ABRUPT]"
classic	data/vanilla/vanilla_procedural/scripts/generators/interactions/secret.lua	346	"[CE_SPECIAL_ATTACK_INTERACTION:INTERACTION:]]..ghoul_token.."":BP:BY_CATEGORY:MOUTH:BP:BY_CATEGORY:TOOTH:START:0:ABRUPT]"""
classic	data/vanilla/vanilla_procedural/scripts/generators/interactions.lua	264	"[CE_DISPLAY_NAME:NAME:]]..name.."":""..name_plural.."":""..name..[[:START:0:ABRUPT]"
classic	data/vanilla/vanilla_procedural/scripts/generators/materials.lua	147	"lines[#lines+1]=""[STATE_NAME_ADJ:ALL_SOLID:""..pick_random(mythical_remnant_adjectives).."" ""..sph_info.name..""]"""
classic	data/vanilla/vanilla_procedural/scripts/generators/materials.lua	217	"lines[#lines+1]=""[STATE_NAME_ADJ:LIQUID:""..name_str..""]"""
classic	data/vanilla/vanilla_procedural/scripts/generators/materials.lua	218	"lines[#lines+1]=""[STATE_NAME_ADJ:ALL_SOLID:frozen ""..name_str..""]"""
classic	data/vanilla/vanilla_procedural/scripts/generators/materials.lua	223	"lines[#lines+1]=""[STATE_NAME_ADJ:LIQUID:molten ""..name_str..""]"""
classic	data/vanilla/vanilla_procedural/scripts/generators/materials.lua	224	"lines[#lines+1]=""[STATE_NAME_ADJ:ALL_SOLID:""..name_str..""]"""
classic	data/vanilla/vanilla_procedural/scripts/generators/materials.lua	227	"lines[#lines+1]=""[STATE_NAME_ADJ:GAS:boiling ""..name_str..""]"""
classic	data/vanilla/vanilla_procedural/scripts/generators/materials.lua	260	"lines[#lines+1]=""        [CE_REGROW_PARTS:SEV:100:PROB:100:START:0:PEAK:0:END:12:ABRUPT:BP:BY_CATEGORY:ALL:ALL]"""
classic	data/vanilla/vanilla_procedural/scripts/generators/materials.lua	261	"lines[#lines+1]=""        [CE_CLOSE_OPEN_WOUNDS:SEV:100:PROB:100:START:0:PEAK:0:END:12:ABRUPT:BP:BY_CATEGORY:ALL:ALL]"""
classic	data/vanilla/vanilla_procedural/scripts/generators/materials.lua	262	"lines[#lines+1]=""        [CE_HEAL_TISSUES:SEV:100:PROB:100:START:0:PEAK:0:END:12:ABRUPT:BP:BY_CATEGORY:ALL:ALL]"""
classic	data/vanilla/vanilla_procedural/scripts/generators/materials.lua	263	"lines[#lines+1]=""        [CE_HEAL_NERVES:SEV:100:PROB:100:START:0:PEAK:0:END:12:ABRUPT:BP:BY_CATEGORY:ALL:ALL]"""
classic	data/vanilla/vanilla_procedural/scripts/generators/materials.lua	264	"lines[#lines+1]=""        [CE_STOP_BLEEDING:SEV:100:PROB:100:START:0:PEAK:0:END:12:ABRUPT:BP:BY_CATEGORY:ALL:ALL]"""
classic	data/vanilla/vanilla_procedural/scripts/generators/materials.lua	265	"lines[#lines+1]=""        [CE_REDUCE_PAIN:SEV:100:PROB:100:START:0:PEAK:0:END:12:ABRUPT:BP:BY_CATEGORY:ALL:ALL]"""
classic	data/vanilla/vanilla_procedural/scripts/generators/materials.lua	268	"lines[#lines+1]=""        [CE_REDUCE_SWELLING:SEV:100:PROB:100:START:0:PEAK:0:END:12:ABRUPT:BP:BY_CATEGORY:ALL:ALL]"""
classic	data/vanilla/vanilla_procedural/scripts/generators/materials.lua	269	"lines[#lines+1]=""        [CE_CURE_INFECTION:SEV:100:PROB:100:START:0:PEAK:0:END:12:ABRUPT:BP:BY_CATEGORY:ALL:ALL]"""
classic	data/vanilla/vanilla_procedural/scripts/generators/materials.lua	270	"lines[#lines+1]=""        [CE_REDUCE_PARALYSIS:SEV:100:PROB:100:START:0:PEAK:0:END:12:ABRUPT:BP:BY_CATEGORY:ALL:ALL]"""
