helper	function_rva	instruction_rva	literal_rva	source
status	0x84fec0	0x84ff35		Charging
status	0x84fec0	0x84ff6a	0x16ac79c	Moving
status	0x84fec0	0x84ff73	0x16ac79c	Moving
status	0x84fec0	0x85010a	0x1641bf8	southeast
status	0x84fec0	0x850147	0x1641c78	southwest
status	0x84fec0	0x850184	0x1641c68	northeast
status	0x84fec0	0x8501c1	0x1641c58	northwest
status	0x84fec0	0x8501fe	0x1636a44	south
status	0x84fec0	0x85023b	0x1636a3c	north
status	0x84fec0	0x85027c	0x1636a2c	east
status	0x84fec0	0x8502bd	0x1636a34	west
status	0x84fec0	0x850300	0x16ac758	upward
status	0x84fec0	0x850339	0x16ac780	downward
status	0x84fec0	0x850372	0x16ac790	 (above)
status	0x84fec0	0x8503ab	0x16ac760	 (below)
status	0x84fec0	0x8504c0	0x15e74b8	you
status	0x84fec0	0x8504f0	0x16ac770	Remote: 
status	0x84fec0	0x850506	0x16ac808	Distant: 
status	0x84fec0	0x85051c	0x16ac7f8	Starting: 
status	0x84fec0	0x850532	0x16ac828	Incoming: 
status	0x84fec0	0x850548	0x16ac818	IMMINENT: 
status	0x84fec0	0x85056c	0x16ac7a8	Attacking
status	0x84fec0	0x850573	0x16ac7b8	Recovering from attacking
status	0x84fec0	0x8505cb	0x16ac7e8	 with wrestling
status	0x84fec0	0x8505eb	0x16ac7d8	 with grab
status	0x84fec0	0x850624	0x15e9590	 with 
status	0x84fec0	0x850650	0x16ac6a8	quick
status	0x84fec0	0x850668	0x16a1344	heavy
status	0x84fec0	0x850680	0x16ac6a0	wild
status	0x84fec0	0x85069b	0x16ac6c0	precise
status	0x84fec0	0x850740	0x165d5e0	NO_SUB
status	0x84fec0	0x85078b	0x165d5e8	strike
status	0x84fec0	0x8507b4	0x15e9590	 with 
status	0x84fec0	0x8507e0	0x16ac6a8	quick
status	0x84fec0	0x8507f8	0x16a1344	heavy
status	0x84fec0	0x850810	0x16ac6a0	wild
status	0x84fec0	0x85082b	0x16ac6c0	precise
status	0x84fec0	0x8508cb	0x165da3c	push
status	0x84fec0	0x8508ee	0x16ac6b0	, aiming for 
status	0x84fec0	0x85094d	0x16ac7b8	Recovering from attacking
status	0x84fec0	0x850956	0x16ac7a8	Attacking
status	0x84fec0	0x8509c2	0x16ac668	Jumping
status	0x84fec0	0x8509cc	0x16ac668	Jumping
status	0x84fec0	0x8509d7	0x16ac668	Jumping
status	0x84fec0	0x850a7a	0x16ac658	Pushing Object
status	0x84fec0	0x850a87	0x16ac658	Pushing Object
status	0x84fec0	0x850a90	0x16ac658	Pushing Object
status	0x84fec0	0x850ad6	0x16ac690	Holding terrain
status	0x84fec0	0x850ae3	0x16ac690	Holding terrain
status	0x84fec0	0x850aec	0x16ac690	Holding terrain
status	0x84fec0	0x850af7	0x16ac690	Holding terrain
status	0x84fec0	0x850b53	0x16ac670	Releasing hold on terrain
status	0x84fec0	0x850b5d	0x16ac670	Releasing hold on terrain
status	0x84fec0	0x850b6a	0x16ac670	Releasing hold on terrain
status	0x84fec0	0x850bb8		Mounting
status	0x84fec0	0x850c0a	0x16ac728	Dismounting
status	0x84fec0	0x850c17	0x16ac728	Dismounting
status	0x84fec0	0x850c22	0x16ac728	Dismounting
status	0x84fec0	0x850c70	0x16ac748	Leading animal
status	0x84fec0	0x850c7d	0x16ac748	Leading animal
status	0x84fec0	0x850c86	0x16ac748	Leading animal
status	0x84fec0	0x850ce3	0x16ac180	Stop leading animal
status	0x84fec0	0x850ced	0x16ac180	Stop leading animal
status	0x84fec0	0x850cf8	0x16ac180	Stop leading animal
status	0x84fec0	0x850d46	0x16ac738	Holding item
status	0x84fec0	0x850d53	0x16ac738	Holding item
status	0x84fec0	0x850dae	0x16ac6e8	Releasing hold on item
status	0x84fec0	0x850db8	0x16ac6e8	Releasing hold on item
status	0x84fec0	0x850dc1	0x16ac6e8	Releasing hold on item
status	0x84fec0	0x850e1e	0x16ac6c8	Recovering after shooting
status	0x84fec0	0x850e28	0x16ac6c8	Recovering after shooting
status	0x84fec0	0x850e35	0x16ac6c8	Recovering after shooting
status	0x84fec0	0x850e91	0x16ac710	Regaining balance
status	0x84fec0	0x850e9b	0x16ac710	Regaining balance
status	0x84fec0	0x850ee0		Climbing
status	0x84fec0	0x850f32	0x16ac700	Sucking Blood
status	0x84fec0	0x850f3f	0x16ac700	Sucking Blood
status	0x84fec0	0x850f48	0x16ac700	Sucking Blood
status	0x84fec0	0x850f96	0x16ac5d0	Working
status	0x84fec0	0x850fa0	0x16ac5d0	Working
status	0x84fec0	0x850fab	0x16ac5d0	Working
status	0x84fec0	0x851030	0x16ac5c8	Talking
status	0x84fec0	0x85103a	0x16ac5c8	Talking
status	0x84fec0	0x851045	0x16ac5c8	Talking
status	0x84fec0	0x851093		Parrying
status	0x84fec0	0x8510e5		Blocking
status	0x84fec0	0x851137	0x16a02e8	Dodging
status	0x84fec0	0x851141	0x16a02e8	Dodging
status	0x84fec0	0x85114c	0x16a02e8	Dodging
status	0x84fec0	0x8511d8	0x1641bf8	southeast
status	0x84fec0	0x85120b	0x1641c78	southwest
status	0x84fec0	0x85123e	0x1636a44	south
status	0x84fec0	0x85128a		 (above)
status	0x84fec0	0x8512c9	0x1641c68	northeast
status	0x84fec0	0x8512fc	0x1641c58	northwest
status	0x84fec0	0x851333	0x1636a3c	north
status	0x84fec0	0x851368	0x1636a2c	east
status	0x84fec0	0x85139b	0x1636a34	west
status	0x84fec0	0x8513d1	0x16ac758	upward
status	0x84fec0	0x85140a	0x16ac780	downward
status	0x84fec0	0x851443	0x16ac760	 (below)
status	0x84fec0	0x8514aa	0x16ac590	Recovering from deflection
status	0x84fec0	0x8514b4	0x16ac590	Recovering from deflection
status	0x84fec0	0x8514c1	0x16ac590	Recovering from deflection
status	0x84fec0	0x851531	0x15e9590	 with 
status	0x84fec0	0x8515b7	0x16ac580	Standing Up
status	0x84fec0	0x8515c4	0x16ac580	Standing Up
status	0x84fec0	0x8515cf	0x16ac580	Standing Up
status	0x84fec0	0x85161d	0x16ac5b8	Lying Down
status	0x84fec0	0x85162a	0x16ac5b8	Lying Down
status	0x84fec0	0x8516fd	0x16ac5b0	Nocking
status	0x84fec0	0x85173d	0x16273b8	Loading
status	0x84fec0	0x851798	0x16273b8	Loading
status	0x84fec0	0x8517a1	0x16273b8	Loading
status	0x84fec0	0x8517ac	0x16273b8	Loading
status	0x84fec0	0x8517ff	0x16ac064	 ammo
status	0x84fec0	0x851859	0x16ac628	Shooting weapon
status	0x84fec0	0x851866	0x16ac628	Shooting weapon
status	0x84fec0	0x85186f	0x16ac628	Shooting weapon
status	0x84fec0	0x85187a	0x16ac628	Shooting weapon
status	0x84fec0	0x8518fd	0x16ac618	Throwing item
status	0x84fec0	0x85190a	0x16ac618	Throwing item
status	0x84fec0	0x851913	0x16ac618	Throwing item
rated-skill-render	0x7711e0	0x77121a	0x169f8e0	Dabbling
rated-skill-render	0x7711e0	0x77122f	0x169f8ec	Novice
rated-skill-render	0x7711e0	0x771244	0x169f8f8	Adequate
rated-skill-render	0x7711e0	0x771259	0x169f908	Competent
rated-skill-render	0x7711e0	0x77126e	0x169f918	Skilled
rated-skill-render	0x7711e0	0x771283	0x169f920	Proficient
rated-skill-render	0x7711e0	0x771298	0x169f930	Talented
rated-skill-render	0x7711e0	0x7712ad	0x169f93c	Adept
rated-skill-render	0x7711e0	0x7712c2	0x162563c	Expert
rated-skill-render	0x7711e0	0x7712d7	0x169f948	Professional
rated-skill-render	0x7711e0	0x7712ec	0x169f958	Accomplished
rated-skill-render	0x7711e0	0x771301	0x1641bdc	Great
rated-skill-render	0x7711e0	0x771316	0x15fb264	Master
rated-skill-render	0x7711e0	0x77132b	0x16a0038	High Master
rated-skill-render	0x7711e0	0x771340	0x16a0048	Grand Master
rated-skill-render	0x7711e0	0x771355	0x16a0058	Legendary
bodypart	0x132f540	0x132f711	0x167bdf0	body part
bodypart	0x132f540	0x132f753	0x167bdf0	body part
item-name	0xc62490	0xc62734	0x16e8e38	 (copy)
identity	0x13293a0	0x132941f	0x15e74b8	you
identity	0x13293a0	0x1329426	0x15e3c40	You
identity	0x13293a0	0x1329910	0x15e7988	 slave
identity	0x13293a0	0x132994a	0x15e79ac	slave
identity	0x13293a0	0x13299a5	0x15e79ac	slave
identity	0x13293a0	0x13299ad	0x15e79ac	slave
identity	0x13293a0	0x1329a8b	0x177c950	 prisoner
identity	0x13293a0	0x1329abf		prisoner
identity	0x13293a0	0x1329b1d		prisoner
identity	0x13293a0	0x1329ce6	0x15e3e34	the 
identity	0x13293a0	0x1329ced	0x15e89c4	The 
identity	0x13293a0	0x1329f05	0x15e3e34	the 
identity	0x13293a0	0x1329f19	0x15e8618	a 
identity	0x13293a0	0x1329f2e	0x167095c	force
identity	0x13293a0	0x1329f53	0x15e3e34	the 
identity	0x13293a0	0x1329f67	0x15e8618	a 
identity	0x13293a0	0x1329f7c	0x165d508	deity
identity	0x13293a0	0x132a1c4	0x15e7988	 slave
identity	0x13293a0	0x132a1fe	0x15e79ac	slave
identity	0x13293a0	0x132a25e	0x15e79ac	slave
identity	0x13293a0	0x132a266	0x15e79ac	slave
identity	0x13293a0	0x132a33b	0x177c950	 prisoner
identity	0x13293a0	0x132a36f		prisoner
identity	0x13293a0	0x132a3c9		prisoner
identity	0x13293a0	0x132a483	0x15e3e34	the 
identity	0x13293a0	0x132a4d9	0x15e8618	a 
identity	0x13293a0	0x132a543	0x177c96c	stray 
identity	0x13293a0	0x132a54a	0x177c948	fierce 
identity	0x13293a0	0x132a58e	0x15e8618	a 
identity	0x13293a0	0x132a5a3	0x177c960	agitated 
identity	0x13293a0	0x132a5eb	0x15e8618	a 
identity	0x13293a0	0x132a600	0x16a0d38	ghost
identity	0x13293a0	0x132a62f	0x15e8618	a 
identity	0x13293a0	0x132a644	0x15f8b70	ghostly 
identity	0x13293a0	0x132a676	0x15e8618	a 
identity	0x13293a0	0x132a6c4	0x16810f8	average
identity	0x13293a0	0x132a7b3	0x15e8618	a 
identity	0x13293a0	0x132a80c	0x15e8618	a 
identity	0x13293a0	0x132a821	0x16cac84	corpse
identity	0x13293a0	0x132a830	0x1739ff8	 corpse
reference	0x132c470	0x132c5e4	0x177ca08	the force
reference	0x132c470	0x132c7e3	0x177ca18	the deity
reference	0x132c470	0x132ca78	0x15e3e34	the 
reference	0x132c470	0x132cd8a	0x16038f0	Miner
reference	0x132c470	0x132cd93	0x16038f0	Miner
reference	0x132c470	0x132cdae	0x177ca30	Woodworker
reference	0x132c470	0x132cdbb	0x177ca30	Woodworker
reference	0x132c470	0x132cdd7	0x1628000	Carpenter
reference	0x132c470	0x132cde4	0x1628000	Carpenter
reference	0x132c470	0x132cdff	0x162800c	Bowyer
reference	0x132c470	0x132ce08	0x162800c	Bowyer
reference	0x132c470	0x132ce24	0x1603910	Woodcutter
reference	0x132c470	0x132ce31	0x1603910	Woodcutter
reference	0x132c470	0x132ce4d	0x1627f98	Stoneworker
reference	0x132c470	0x132ce5a	0x1627f98	Stoneworker
reference	0x132c470	0x132ce65	0x1627f98	Stoneworker
reference	0x132c470	0x132ce80		Engraver
reference	0x132c470	0x132ce97	0x16a0200	Stonecutter
reference	0x132c470	0x132ceac	0x16a01f0	Stone Carver
reference	0x132c470	0x132cec1	0x16a0754	Mason
reference	0x132c470	0x132ced6	0x177ca24	Ranger
reference	0x132c470	0x132ceeb	0x16a0770	Animal Caretaker
reference	0x132c470	0x132cf00	0x16a0760	Animal Trainer
reference	0x132c470	0x132cf15	0x15fb1e8	Hunter
reference	0x132c470	0x132cf2a	0x16a07c0	Trapper
reference	0x132c470	0x132cf3f	0x16a0798	Animal Dissector
reference	0x132c470	0x132cf54	0x1628050	Metalsmith
reference	0x132c470	0x132cf69	0x16a06f0	Furnace Operator
reference	0x132c470	0x132cf7e	0x16a0568	Weaponsmith
reference	0x132c470	0x132cf93	0x177cb08	Armorer
reference	0x132c470	0x132cfb0	0x16a0588	Blacksmith
reference	0x132c470	0x132cfbd	0x16a0588	Blacksmith
reference	0x132c470	0x132cfd9	0x177caf8	Metalcrafter
reference	0x132c470	0x132cfe6	0x177caf8	Metalcrafter
reference	0x132c470	0x132cff8	0x1628018	Jeweler
reference	0x132c470	0x132d00d	0x16a0598	Gem Cutter
reference	0x132c470	0x132d022	0x16a05a8	Gem Setter
reference	0x132c470	0x132d037	0x164cbe8	Craftsman
reference	0x132c470	0x132d04c	0x16a05b8	Woodcrafter
reference	0x132c470	0x132d061	0x16a05c8	Papermaker
reference	0x132c470	0x132d076	0x16a05d8	Bookbinder
reference	0x132c470	0x132d08b	0x16a05e4	Potter
reference	0x132c470	0x132d0a0	0x16a0a6c	Glazer
reference	0x132c470	0x132d0b5	0x16a05f0	Wax Worker
reference	0x132c470	0x132d0ca	0x177cb20	Stonecrafter
reference	0x132c470	0x132d0df	0x16a0a48	Leatherworker
reference	0x132c470	0x132d0f4	0x16a0a78	Bone Carver
reference	0x132c470	0x132d109	0x16a0a84	Weaver
reference	0x132c470	0x132d11e	0x164cc80	Clothier
reference	0x132c470	0x132d133	0x16a0620	Glassmaker
reference	0x132c470	0x132d148	0x16a0708	Strand Extractor
reference	0x132c470	0x132d15d	0x177cb10	Fishery Worker
reference	0x132c470	0x132d172	0x16a06e0	Fisherman
reference	0x132c470	0x132d187	0x16a0788	Fish Dissector
reference	0x132c470	0x132d19c	0x16a07b0	Fish Cleaner
reference	0x132c470	0x132d1b1	0x1627ef0	Farmer
reference	0x132c470	0x132d1c6	0x16a0958	Cheesemaker
reference	0x132c470	0x132d1db	0x16a0964	Milker
reference	0x132c470	0x132d1f0	0x16a096c	Gelder
reference	0x132c470	0x132d205	0x16a0978	Shearer
reference	0x132c470	0x132d21a	0x16a0980	Spinner
reference	0x132c470	0x132d22f	0x1638128	Cook
reference	0x132c470	0x132d244	0x16a0910	Thresher
reference	0x132c470	0x132d259	0x16a0904	Miller
reference	0x132c470	0x132d26e	0x1616fc8	Butcher
reference	0x132c470	0x132d283	0x1627f64	Tanner
reference	0x132c470	0x132d298	0x1627f5c	Dyer
reference	0x132c470	0x132d2ad	0x16a0a58	Presser
reference	0x132c470	0x132d2c2	0x16a0a60	Beekeeper
reference	0x132c470	0x132d2d7	0x16a07c8	Planter
reference	0x132c470	0x132d2ec	0x16a07d0	Herbalist
reference	0x132c470	0x132d301	0x16a0a8c	Brewer
reference	0x132c470	0x132d316	0x177cb40	Soap Maker
reference	0x132c470	0x132d32b	0x16a0728	Potash Maker
reference	0x132c470	0x132d340	0x16a0738	Lye Maker
reference	0x132c470	0x132d355	0x16a0748	Wood Burner
reference	0x132c470	0x132d36a	0x177cb30	Engineer
reference	0x132c470	0x132d37f	0x1628028	Mechanic
reference	0x132c470	0x132d394	0x16a0a18	Siege Engineer
reference	0x132c470	0x132d3a9	0x16a0a28	Siege Operator
reference	0x132c470	0x132d3be	0x16a0a38	Pump Operator
reference	0x132c470	0x132d3d3	0x177cb60	Clerk
reference	0x132c470	0x132d3e8	0x177cb50	Administrator
reference	0x132c470	0x132d3fd	0x177caa0	Trader
reference	0x132c470	0x132d412	0x16a0484	Poet
reference	0x132c470	0x132d427	0x177ca98	Bard
reference	0x132c470	0x132d43c	0x16a04a8	Dancer
reference	0x132c470	0x132d451	0x15fae10	Performer
reference	0x132c470	0x132d466	0x15fadfc	Scribe
reference	0x132c470	0x132d47b	0x1627a38	Tavern Keeper
reference	0x132c470	0x132d490	0x177cab4	Sage
reference	0x132c470	0x132d4a5	0x15fae08	Scholar
reference	0x132c470	0x132d4ba	0x177caa8	Philosopher
reference	0x132c470	0x132d4cf	0x16a0548	Mathematician
reference	0x132c470	0x132d4e4	0x177cad0	Historian
reference	0x132c470	0x132d4f9	0x16a0558	Astronomer
reference	0x132c470	0x132d50e	0x177cac0	Naturalist
reference	0x132c470	0x132d523	0x16a0a98	Chemist
reference	0x132c470	0x132d538	0x16a0aa0	Geographer
reference	0x132c470	0x132d54d	0x15fadd8	Doctor
reference	0x132c470	0x132d562	0x15fadc8	Diagnostician
reference	0x132c470	0x132d577	0x1627938	Bone Doctor
reference	0x132c470	0x132d58c	0x16a09b0	Suturer
reference	0x132c470	0x132d5a1	0x15fadc0	Surgeon
reference	0x132c470	0x132d5b6	0x177cae8	Merchant
reference	0x132c470	0x132d5cb	0x177cadc	Drunk
reference	0x132c470	0x132d5e0	0x1627948	Monster Slayer
reference	0x132c470	0x132d5f5	0x177cc10	Scout
reference	0x132c470	0x132d60a	0x177cc00	Beast Hunter
reference	0x132c470	0x132d61f	0x1699490	Snatcher
reference	0x132c470	0x132d634	0x15fadf0	Mercenary
reference	0x132c470	0x132d649	0x16a0b30	Hammerman
reference	0x132c470	0x132d65e	0x177cd20	Hammer Lord
reference	0x132c470	0x132d673	0x16a09c8	Spearman
reference	0x132c470	0x132d688	0x177cd70	Spearmaster
reference	0x132c470	0x132d69d	0x16a09d8	Crossbowman
reference	0x132c470	0x132d6b2	0x177ce50	Elite Crossbowman
reference	0x132c470	0x132d6c7	0x16a0ae0	Wrestler
reference	0x132c470	0x132d6dc	0x177cea8	Elite Wrestler
reference	0x132c470	0x132d6f1	0x16a0b10	Axeman
reference	0x132c470	0x132d706	0x177ceb8	Axe Lord
reference	0x132c470	0x132d71b	0x16a0b18	Swordsman
reference	0x132c470	0x132d730	0x177ce18	Swordmaster
reference	0x132c470	0x132d745	0x16a0b28	Maceman
reference	0x132c470	0x132d75a	0x177ce28	Mace Lord
reference	0x132c470	0x132d76f	0x16a09e8	Pikeman
reference	0x132c470	0x132d784	0x177cf48	Pikemaster
reference	0x132c470	0x132d799	0x16a09f0	Bowman
reference	0x132c470	0x132d7ae	0x177cf80	Elite Bowman
reference	0x132c470	0x132d7c3	0x16a0920	Blowgunner
reference	0x132c470	0x132d7d8	0x177cf98	Master Blowgunner
reference	0x132c470	0x132d7ed	0x16a094c	Lasher
reference	0x132c470	0x132d802	0x177ced8	Master Lasher
reference	0x132c470	0x132d817	0x177cc20	Recruit
reference	0x132c470	0x132d82c	0x15f2160	Hunting
reference	0x132c470	0x132d841	0x15fe6cc	War
reference	0x132c470	0x132d856	0x177cef8	Master Thief
reference	0x132c470	0x132d86b	0x15fb19c	Thief
reference	0x132c470	0x132d880	0x15e7948	Criminal
reference	0x132c470	0x132d895	0x177cc18	Peddler
reference	0x132c470	0x132d8aa	0x177cc30	Prophet
reference	0x132c470	0x132d8bf	0x177cc28	Pilgrim
reference	0x132c470	0x132d8d4	0x177cc44	Monk
reference	0x132c470	0x132d8e9	0x177cc38	Messenger
reference	0x132c470	0x132d987	0x15faf04	Child
reference	0x132c470	0x132d9f0	0x177cb6c	Baby
reference	0x132c470	0x132da18	0x177c940	Peasant
reference	0x132c470	0x132da22	0x177c940	Peasant
reference	0x132c470	0x132da2d	0x177c940	Peasant
reference	0x132c470	0x132dbe6	0x177ca4c	 Slave
reference	0x132c470	0x132dc20	0x15fbcc8	Slave
reference	0x132c470	0x132dc76	0x15fbcc8	Slave
reference	0x132c470	0x132dc7e	0x15fbcc8	Slave
reference	0x132c470	0x132dd59	0x177ca40	 Prisoner
reference	0x132c470	0x132dd8d		Prisoner
reference	0x132c470	0x132dddc		Prisoner
reference	0x132c470	0x132de64	0x15e3e34	the 
reference	0x132c470	0x132defd	0x16b9d2c	Ghost
reference	0x132c470	0x132df0c	0x1625190	Ghostly 
reference	0x132c470	0x132df7c	0x177cb68	One
move-caption	0x74cc40	0x74cc89	0x169a65c	NW
move-caption	0x74cc40	0x74cca2	0x169a664	SW
move-caption	0x74cc40	0x74ccb9	0x169a66c	West
move-caption	0x74cc40	0x74ccdc	0x169a660	NE
move-caption	0x74cc40	0x74ccf5	0x169a668	SE
move-caption	0x74cc40	0x74cd0c	0x169a674	East
move-caption	0x74cc40	0x74cd21	0x169a67c	North
move-caption	0x74cc40	0x74cd32	0x169a684	South
move-caption	0x74cc40	0x74cd47	0x169a68c	Below
move-caption	0x74cc40	0x74cd58	0x169a694	Above
move-caption	0x74cc40	0x74cd67	0x169a69c	Here
move-caption	0x74cc40	0x74cd8f	0x169a6a4	/Below
move-caption	0x74cc40	0x74cd9a	0x169a508	/Above
ordinal	0x52c590	0x52c60e	0x15e7680	th
ordinal	0x52c590	0x52c62e	0x15e7680	th
ordinal	0x52c590	0x52c637	0x15e767c	rd
ordinal	0x52c590	0x52c65e	0x15e7680	th
ordinal	0x52c590	0x52c667	0x15e7618	nd
ordinal	0x52c590	0x52c68e	0x15e7680	th
ordinal	0x52c590	0x52c697	0x15e7614	st
ordinal	0x52c590	0x52c6b0	0x164c4c0	Negative 
ordinal	0x52c590	0x52c6ea	0x164c4cc	Zeroth
ordinal	0x52c590	0x52c709	0x164c4b0	First
ordinal	0x52c590	0x52c728	0x164c4b8	Second
ordinal	0x52c590	0x52c747	0x164c528	Third
ordinal	0x52c590	0x52c766	0x164c530	Fourth
ordinal	0x52c590	0x52c785	0x164c518	Fifth
ordinal	0x52c590	0x52c7a4	0x164c520	Sixth
ordinal	0x52c590	0x52c7c3	0x164c508	Seventh
ordinal	0x52c590	0x52c7e2	0x164c510	Eighth
ordinal	0x52c590	0x52c801	0x164c4f8	Ninth
ordinal	0x52c590	0x52c820	0x164c500	Tenth
ordinal	0x52c590	0x52c83f	0x164c598	Eleventh
ordinal	0x52c590	0x52c85e	0x164c5a8	Twelfth
ordinal	0x52c590	0x52c87d	0x164c578	Thirteenth
ordinal	0x52c590	0x52c89c	0x164c588	Fourteenth
ordinal	0x52c590	0x52c8bb	0x164c558	Fifteenth
ordinal	0x52c590	0x52c8da	0x164c568	Sixteenth
ordinal	0x52c590	0x52c8f9	0x164c538	Seventeenth
ordinal	0x52c590	0x52c918	0x164c548	Eighteenth
ordinal	0x52c590	0x52c937	0x164c5b0	Nineteenth
ordinal	0x52c590	0x52c990	0x15e7680	th
ordinal	0x52c590	0x52c9ba	0x15e7680	th
ordinal	0x52c590	0x52c9c3	0x15e767c	rd
ordinal	0x52c590	0x52c9f7	0x15e7680	th
ordinal	0x52c590	0x52ca00	0x15e7618	nd
ordinal	0x52c590	0x52ca31	0x15e7680	th
ordinal	0x52c590	0x52ca3f	0x15e7614	st
