image	enum	modifier	body_branch_va	feature_branch_va
PE:6a70a6d9:02711000	0	HEIGHT	0x140713711	0x140714caa
PE:6a70a6d9:02711000	1	BROADNESS	0x14071372b	0x140714d3c
PE:6a70a6d9:02711000	2	LENGTH	0x140713745	0x140714dc0
PE:6a70a6d9:02711000	3	CLOSE_SET	0x140713779	0x140714eb4
PE:6a70a6d9:02711000	4	DEEP_SET	0x1407137ad	0x140714f46
PE:6a70a6d9:02711000	5	HIGH_POSITION	0x14071375f	0x140714e22
PE:6a70a6d9:02711000	6	LARGE_IRIS	0x140713793	0x140714feb
PE:6a70a6d9:02711000	7	WRINKLY	0x1407137c7	0x140715184
PE:6a70a6d9:02711000	8	CURLY	0x1407137fb	0x140715216
PE:6a70a6d9:02711000	9	CONVEX	0x1407137e1	0x1407152a7
PE:6a70a6d9:02711000	10	DENSE	0x140713815	0x140715339
PE:6a70a6d9:02711000	11	THICKNESS	0x14071382f	0x1407153cb
PE:6a70a6d9:02711000	12	UPTURNED	0x140713849	0x14071545d
PE:6a70a6d9:02711000	13	SPLAYED_OUT	0x140713863	0x1407154ef
PE:6a70a6d9:02711000	14	HANGING_LOBES	0x14071387d	0x140715581
PE:6a70a6d9:02711000	15	GAPS	0x140713897	0x14071573f
PE:6a70a6d9:02711000	16	HIGH_CHEEKBONES	0x1407138b1	0x14071585b
PE:6a70a6d9:02711000	17	BROAD_CHIN	0x1407138cb	0x14071585b
PE:6a70a6d9:02711000	18	JUTTING_CHIN	0x1407138e5	0x14071585b
PE:6a70a6d9:02711000	19	SQUARE_CHIN	0x140713914	0x14071585b
PE:6a70a6d9:02711000	20	ROUND_VS_NARROW	0x140713943	0x140715787
PE:6a70a6d9:02711000	21	GREASY	0x14071396f	0x1407157fa
PE:6a70a6d9:02711000	22	DEEP_VOICE	0x140713998	separate voice constructor
PE:6a70a6d9:02711000	23	RASPY_VOICE	0x1407139c1	separate voice constructor
