# Fixed native conversation keyword sources, Dwarf Fortress 53.16 Windows x64.
# Source addresses identify literal loads, including inlined SSO string construction.
# Main constructor 0x140697740..0x1406acbb6, plus its value/emotion/strength helpers.
# Dynamic generated names and custom position names are excluded. Blank data_address means instruction immediate.
keyword	source_function	source_address	data_address
abduction	main	0x1406987c4	0x1415ee240
abduction	main	0x1406a0afa	0x1415ee240
absence	main	0x1406a132b	0x141674090
accept	main	0x1406a2aa3	0x141674964
accept	main	0x1406a69f9	0x141674964
accept	main	0x1406a6d0d	0x141674964
accept	main	0x1406a72da	0x141674964
accept	main	0x1406a74eb	0x141674964
accept	main	0x1406abe22	0x141674964
acceptance	emotion	0x14067a2db	0x141670c50
accords	main	0x1406a88cf	0x141675520
accuse	main	0x140699c7b	0x14167429c
accuse	main	0x1406a4d3a	0x14167429c
acquiesce	main	0x1406abaee	0x141676358
action	main	0x1406a7ff6	0x141675958
action	main	0x1406a805e	0x141675958
admiration	emotion	0x14067a31d	0x1416025c0
adopt	main	0x1406a3f87	0x141674e6c
adoration	emotion	0x14067a35f	0x1416025b0
adventure	main	0x1406a812e	0x141675878
advice	main	0x1406a568c	0x14167536c
affection	emotion	0x14067a3a0	0x1416025a0
afraid	main	0x1406a885a	0x14160281c
age	main	0x1406ac8d8	0x141676d70
aggravation	emotion	0x14067a422	0x141670c38
agitation	emotion	0x14067a3e1	0x141670c28
agony	emotion	0x14067a46e	0x141602574
agree	main	0x1406a2e62	0x141674640
agree	main	0x1406a308e	0x141674640
agree	main	0x1406a32ba	0x141674640
agree	main	0x1406a4094	0x141674640
agree	main	0x1406a41c6	0x141674640
agree	main	0x1406a9881	0x141674640
agree	main	0x1406ab4b4	0x141674640
agree	main	0x1406ab679	0x141674640
agreement	main	0x1406994d2	0x141673b30
agreement	main	0x1406a8b82	0x141673b30
alarm	emotion	0x140679ee4	0x141670b10
alarm	main	0x1406a3cd7	0x141670b10
alienation	emotion	0x14067a4ab	0x141670c08
amazement	emotion	0x14067a4ed	0x141670c18
ambivalence	emotion	0x14067a56e	0x141670be8
amused	main	0x1406a90c2	0x1416026a8
amusement	emotion	0x14067a5a6	0x141670bf8
ancestor	main	0x1406aaf36	0x141676288
anger	emotion	0x14067a5c9	0x141670bcc
angst	emotion	0x14067b2ce	0x141670d1c
anguish	emotion	0x14067a5ec	0x141602698
announce	main	0x1406aca0a	0x1416769b8
annoyance	emotion	0x14067a60f	0x141670bd8
anxiety	emotion	0x14067a632	0x141670a28
apathy	emotion	0x14067a655	0x141670a30
apologize	main	0x1406a994b	0x141675b68
approve	main	0x1406ac01e	0x141676ce8
area	main	0x1406a4adc	0x141674b74
area	main	0x1406aac39	0x141674b74
argue	main	0x1406ac24b	0x141676c84
argument	main	0x1406ac27c	0x141676c50
armies	main	0x1406a451f	0x141674d54
army	main	0x140698740	0x1415ee22c
army	main	0x14069e71f	0x1415ee22c
army	main	0x1406a44ee	0x1415ee22c
arousal	emotion	0x14067a678	0x141670a10
artifact	main	0x140699d9a	0x1415edd48
artifact	main	0x14069ae68	0x1415edd48
artifact	main	0x14069edd0	0x1415edd48
artifact	main	0x1406a0c80	0x1415edd48
artifact	main	0x1406a0d9c	0x1415edd48
artifact	main	0x1406a12fa	0x1415edd48
artwork	value	0x14067982d	0x141641598
astonished	main	0x1406ab135	0x141602668
astonishment	emotion	0x14067a69b	0x141670a18
aversion	emotion	0x14067a6be	0x141602658
awe	emotion	0x14067a6e1	0x141602654
back	main	0x1406a50f5	0x141674ccc
back	main	0x1406a518e	0x141674ccc
bad	main	0x1406a8cd6	0x141675f80
bandit	main	0x140698952	0x141673f54
bandits	main	0x1406a46ad	0x141642b60
banish	main	0x1406a4bd7	0x141674b6c
barter	main	0x1406a18c0	0x141674018
barter	main	0x1406a2157	0x141674018
barter	main	0x1406a9e36	0x141674018
beast	main	0x140698899	0x141673f6c
best	main	0x1406a875d	0x1416755d0
bitterness	emotion	0x14067a704	0x1416709f8
bliss	emotion	0x14067a1e0	0x141670c5c
blood	main	0x14069bd35	0x1415edf5c
blood	main	0x14069fd0b	0x1415edf5c
boast	main	0x1406a3da1	0x1416746e4
bone	main	0x1406a5991	0x1416158c4
bone	main	0x1406a5e8b	0x1416158c4
boredom	emotion	0x14067a727	0x141670a08
boss	main	0x1406a2413	0x141674884
both	main	0x1406aa108	0x141676528
brag	main	0x1406a3d70	0x141674724
bribery	main	0x14069bb36	0x1415ed720
bribery	main	0x14069fb0c	0x1415ed720
building	main	0x14069babc	0x1415eb500
building	main	0x14069fa92	0x1415eb500
building	main	0x1406a2349	0x1415eb500
business	main	0x1406a9dce	0x141675d40
buy	main	0x1406a1953	0x141673fe4
buy	main	0x1406a1a7f	0x141673fe4
bye	main	0x1406a4e35	0x141674ad4
bye	main	0x1406a4f30	0x141674ad4
bypass	main	0x1406a4ffa	0x141674ab4
calling	main	0x1406a8975	0x1416754b8
calm	main	0x1406a2741	0x14164a1d4
calm	main	0x1406abeec	0x14164a1d4
cancel	main	0x1406993a0	0x141673bbc
cancel	main	0x1406a3655	0x141673bbc
caring	emotion	0x14067a74a	0x14160263c
cease	main	0x1406a2943	0x1416749c8
cease	main	0x1406ab516	0x1416749c8
change	main	0x1406a5093	0x141674cfc
claim	main	0x140697fad	0x1415ee0c4
claim	main	0x14069803e	0x1415ee0c4
claim	main	0x14069d891	0x1415ee0c4
closer	main	0x1406a9d66	0x141675d6c
come	main	0x140699338	0x141673bcc
commerce	value	0x140679cb5	0x141641738
competition	value	0x140679c4c	0x1416416f8
complain	main	0x140699439	0x141673bb0
comply	main	0x1406a97e8	0x141675bd4
comply	main	0x1406ab6aa	0x141675bd4
condolences	main	0x1406a7f5d	0x141675130
conduct	main	0x14069ba73	0x1415edeb0
conduct	main	0x14069fa49	0x1415edeb0
confirm	main	0x1406a205c	0x1416514a0
conflict	main	0x1406986ed	0x1415ee048
conflict	main	0x140699e51	0x1415ee048
conflict	main	0x14069c60d	0x1415ee048
conflict	main	0x14069c885	0x1415ee048
conflict	main	0x1406a05b2	0x1415ee048
conflict	main	0x1406a082a	0x1415ee048
conflicted	main	0x1406a86d5	0x141675628
confusion	emotion	0x14067a76d	0x1416709d8
conspiracy	main	0x14069b94e	0x1415ede30
conspiracy	main	0x14069f924	0x1415ede30
contempt	emotion	0x14067a790	0x1416709e8
contentment	emotion	0x14067a7b3	0x1416709b8
cooperation	value	0x140679876	0x141641588
craftsmanship	value	0x140679a83	0x141641520
creature	main	0x1406a4d9c	0x141662fa8
creature	main	0x1406aca6c	0x141662fa8
crime	main	0x140698647	0x1415eddac
crime	main	0x1406988dd	0x1415eddac
crime	main	0x14069b583	0x1415eddac
crime	main	0x14069f559	0x1415eddac
criminal	main	0x14069890e	0x141673f48
criminals	main	0x1406a46de	0x141642b50
crushed	main	0x14069dfe0	0x1415ee188
cunning	value	0x1406796ef	0x141641570
dance	main	0x1406a8dad	0x1415edfc0
dead	main	0x1406aa65f	0x1415fda3c
deal	main	0x1406a18f1	0x141673ff0
death	main	0x140698603	0x1415eddb4
death	main	0x14069b474	0x1415eddb4
death	main	0x14069f3e3	0x1415eddb4
debts	main	0x1406a1922	0x141673ff8
decline	main	0x1406a6e24	0x141675120
decline	main	0x1406a71b9	0x141675120
decorum	value	0x1406797aa	0x141641548
defeat	emotion	0x14067b2f1	0x1415ee1bc
defeat	main	0x14069e011	0x1415ee1bc
defenseless	main	0x1406a95fa	0x141675c30
dejection	emotion	0x14067a7d6	0x1416709c8
delight	emotion	0x14067a7f9	0x1416709a0
demand	main	0x140697a2a	0x1415ee01c
demand	main	0x140697d52	0x1415ee01c
demand	main	0x14069c364	0x1415ee01c
demand	main	0x1406a033a	0x1415ee01c
demand	main	0x1406a38d1	0x1415ee01c
demand	main	0x1406a39d0	0x1415ee01c
demand	main	0x1406a3ace	0x1415ee01c
deny	main	0x1406a974f	0x141675bf8
deride	main	0x1406abbbe	0x1416762f8
deride	main	0x1406abc57	0x1416762f8
despair	emotion	0x14067a81c	0x141602768
destroyed	main	0x1406a0cb1	0x141662e80
destruction	main	0x14069baed	0x1415ede90
destruction	main	0x14069fac3	0x1415ede90
diagnostician	main	0x1406a58f6	0x1416423f8
diagnostician	main	0x1406a5df0	0x1416423f8
diplomacy	main	0x140699893	0x141673cb8
directions	main	0x140698484	0x141673da0
disappointment	emotion	0x14067a83f	0x1416709a8
disgust	emotion	0x14067a862	0x141670990
disillusioned	emotion	0x14067a885	0x141602738
dislike	emotion	0x14067a8a8	0x141602730
dismay	emotion	0x14067a8cb	0x141670998
dismiss	main	0x1406ac3df	0x141676ee0
dismiss	strength_minor	0x1406b5463	0x141676ee0
dismiss	strength_minor	0x1406b54c7	0x141676ee0
dismiss	strength_minor	0x1406b552b	0x141676ee0
dismiss	strength_minor	0x1406b558f	0x141676ee0
dismiss	strength_minor	0x1406b55ff	0x141676ee0
dismiss	strength_minor	0x1406b566f	0x141676ee0
dismiss	strength_minor	0x1406b56d3	0x141676ee0
dismiss	strength_minor	0x1406b578b	0x141676ee0
dismiss	strength_minor	0x1406b57ef	0x141676ee0
dismiss	strength_minor	0x1406b5853	0x141676ee0
dismiss	strength_minor	0x1406b58b7	0x141676ee0
dismiss	strength_minor	0x1406b591b	0x141676ee0
dismiss	strength_minor	0x1406b597f	0x141676ee0
dismiss	strength_minor	0x1406b59e3	0x141676ee0
dismiss	strength_minor	0x1406b5a47	0x141676ee0
dismiss	strength_minor	0x1406b5aab	0x141676ee0
dismiss	strength_minor	0x1406b5b0f	0x141676ee0
dismiss	strength_minor	0x1406b5fe7	0x141676ee0
dismiss	strength_minor	0x1406b604b	0x141676ee0
dismiss	strength_minor	0x1406b60bb	0x141676ee0
dismiss	strength_minor	0x1406b6128	0x141676ee0
dismissal	main	0x1406ac1b2	0x141676c90
disorderly	main	0x14069ba42	0x1415edea0
disorderly	main	0x14069fa18	0x1415edea0
displeasure	emotion	0x14067a8ee	0x141602710
distress	emotion	0x14067a911	0x141670970
doctor	main	0x1406a58b2	0x141642458
doctor	main	0x1406a59c2	0x141642458
doctor	main	0x1406a5dac	0x141642458
doctor	main	0x1406a5ebc	0x141642458
done	main	0x1406a4e66	0x141674ad8
done	main	0x1406a4f61	0x141674ad8
done	main	0x1406ac315	0x141674ad8
doubt	emotion	0x14067b337	0x141602b98
drink	main	0x1406a1d39	0x14164fc00
drinking	main	0x14069bd66	0x1415edf68
drinking	main	0x14069fd3c	0x1415edf68
drop	main	0x1406a3aff	0x1416747c0
drop	main	0x1406ac2e4	0x1416747c0
duty	main	0x1406a544b	0x141674c00
duty	main	0x1406a565b	0x141674c00
eagerness	emotion	0x14067a934	0x141670980
elation	emotion	0x14067a957	0x141670af0
eloquence	value	0x140679738	0x141641560
embarrassed	main	0x1406a904d	0x1416026e0
embarrassment	emotion	0x14067a97a	0x141670af8
embezzlement	main	0x14069bb7f	0x1415ed728
embezzlement	main	0x14069fb55	0x1415ed728
emotion	main	0x140697b56	0x141673578
emotions	main	0x1406a2640	0x1416747d0
emotions	main	0x1406aae6c	0x1416747d0
empathy	emotion	0x14067a99d	0x1416026d8
emptiness	emotion	0x14067a9c0	0x141670ad0
encourage	main	0x1406a49db	0x141674ec0
end	main	0x1406ac377	0x141676efc
enemy	main	0x1406a94cc	0x141675fb0
enemy	main	0x1406a9585	0x141675fb0
enjoy	main	0x1406a7ec4	0x1416751a4
enjoy	main	0x1406a89b9	0x1416751a4
enjoyment	emotion	0x14067a9e3	0x141602848
entertain	main	0x1406a80c6	0x1416758b0
enthusiasm	emotion	0x14067b35a	0x141670d08
espionage	main	0x14069bca3	0x1415edf28
espionage	main	0x14069fc79	0x1415edf28
euphoria	emotion	0x14067b39a	0x141670ce8
exasperation	emotion	0x14067aa06	0x141670ae0
exchange	main	0x1406a2126	0x141674128
excitement	emotion	0x14067b3da	0x141670cc8
exhilaration	emotion	0x14067aa29	0x141670ab8
exhort	main	0x1406a9c0b	0x141675d94
exile	main	0x1406a467c	0x141674fd4
expectancy	emotion	0x14067b314	0x141670cf8
expected	main	0x1406a853d	0x141675a30
explain	main	0x1406aab38	0x1416766c8
export	main	0x14069b7f8	0x1415ede28
export	main	0x14069f7ce	0x1415ede28
express	main	0x140697af4	0x1416735a8
extend	main	0x1406a1e79	0x14167419c
extend	main	0x1406a1f85	0x14167419c
fail	strength_fail	0x1406b1e56	
fail	strength_fail	0x1406b208f	
fail	strength_fail	0x1406b2240	
fail	strength_fail	0x1406b23f0	
fail	strength_fail	0x1406b2596	
fail	strength_fail	0x1406b273c	
fail	strength_fail	0x1406b28f8	
fail	strength_fail	0x1406b2a4e	0x1416768e8
fail	strength_fail	0x1406b2ada	0x1416768e8
fail	strength_fail	0x1406b2b66	0x1416768e8
fail	strength_fail	0x1406b2bf2	0x1416768e8
fail	strength_fail	0x1406b2c7e	0x1416768e8
fail	strength_fail	0x1406b2d0a	0x1416768e8
fail	strength_fail	0x1406b2d96	0x1416768e8
fail	strength_fail	0x1406b2e22	0x1416768e8
fail	strength_fail	0x1406b2eae	0x1416768e8
fail	strength_fail	0x1406b2f3a	0x1416768e8
fail	strength_fail	0x1406b2fda	
failure	main	0x14069e0a0	0x1415ee1a0
fairness	value	0x140679779	
faith	main	0x1406a8900	0x141675528
family	value	0x14067960c	0x1416415fc
family	main	0x1406a2811	0x1416415fc
family	main	0x1406aaf05	0x1416415fc
family	main	0x1406aaf9e	0x1416415fc
fantastic	main	0x1406a8a72	0x141675720
fantastic	main	0x1406a8bc6	0x141675720
favor	main	0x140697cf0	0x1416734a4
favorite	main	0x1406a8d7c	0x141675f48
favorite	main	0x1406a8df1	0x141675f48
favorite	main	0x1406a8e66	0x141675f48
fear	emotion	0x14067a0f7	
fear	main	0x1406a8829	0x141670c78
feeling	main	0x140697b25	0x141673570
feelings	main	0x1406a260f	0x141674820
ferocity	emotion	0x14067aa4c	0x141602810
fight	main	0x1406986bc	0x1415ee03c
fight	main	0x140699e82	0x1415ee03c
fight	main	0x14069c5dc	0x1415ee03c
fight	main	0x14069c854	0x1415ee03c
fight	main	0x1406a05e3	0x1415ee03c
fight	main	0x1406a085b	0x1415ee03c
finish	main	0x1406a9c3c	0x141675d9c
flatter	main	0x1406a26a8	0x141674a48
flatter	main	0x1406abb56	0x141674a48
flattery	main	0x1406abbef	0x141676300
fled	main	0x1406a4777	0x141674f74
flee	main	0x1406a4746	0x141674fc4
flee	main	0x1406ac517	0x141674fc4
flight	main	0x14069dc3d	0x1415ee134
follow	main	0x140699307	0x141673c0c
follow	main	0x1406a98e3	0x141673c0c
fondness	emotion	0x14067aa6f	0x141602510
force	main	0x1406a83fc	0x1416757e4
forces	main	0x140699a56	0x141673c6c
forces	main	0x1406a4581	0x141673c6c
found	main	0x1406aacd2	0x141676648
founding	main	0x14069e3a4	0x1415ee1f0
founding	main	0x14069e5f6	0x1415ee1f0
free	emotion	0x14067aa92	0x141602804
friendship	value	0x14067964a	0x1416415f0
fright	emotion	0x14067aab5	0x141670ac8
fright	main	0x1406a888b	0x141670ac8
frustration	emotion	0x14067aad8	0x141670aa0
funny	main	0x1406a90f3	0x141675df0
gaiety	emotion	0x14067b3ba	0x14160260c
give	main	0x140698128	0x1415edfb0
give	main	0x14069831d	0x1415edfb0
give	main	0x14069bf8a	0x1415edfb0
give	main	0x14069ff60	0x1415edfb0
give	main	0x1406a2188	0x1415edfb0
give	main	0x1406aa734	0x1415edfb0
give	main	0x1406aa83c	0x1415edfb0
give	main	0x1406aa92a	0x1415edfb0
give	main	0x1406aaa61	0x1415edfb0
glee	emotion	0x14067aafb	0x141670aac
gloom	emotion	0x14067ab1e	0x141670a84
glumness	emotion	0x14067ab41	0x141670a90
good	main	0x1406a8afa	0x14164ba84
good	main	0x1406a8c4e	0x14164ba84
good	main	0x1406a8d38	0x14164ba84
goodbye	main	0x1406a4e04	0x141674af8
goodbye	main	0x1406a4eff	0x141674af8
grant	main	0x1406a6219	0x141675488
grant	main	0x1406a6428	0x141675488
grant	main	0x1406a96b6	0x141675488
gratitude	emotion	0x14067ab64	0x1416027c0
great	main	0x1406a8ab6	0x141675700
great	main	0x1406a8c0a	0x141675700
greet	main	0x1406978c1	0x1416732dc
greet	main	0x1406a79af	0x1416732dc
grief	emotion	0x140679f99	0x141670b08
grim	emotion	0x14067a050	
grouchiness	emotion	0x14067ab87	0x141670a68
groups	main	0x1406a461a	0x141674fcc
grovel	main	0x1406aad6b	0x14167660c
grumpiness	emotion	0x14067abaa	0x141670a78
guard	main	0x1406a448c	0x141674d4c
guards	main	0x140699a25	0x141673c64
guide	main	0x1406a8196	0x141602d8c
guilt	emotion	0x14067abcd	0x141670a50
happened	main	0x1406a535f	0x141674c08
happiness	emotion	0x14067abf0	0x141670a58
harassment	main	0x14069d9ba	0x1415ee0f8
hard work	value	0x140679bbc	0x141641718
harmony	value	0x140679a01	0x141641540
hate	main	0x1406a87e5	0x141663a4c
hatred	emotion	0x14067ac13	0x141670a38
hawk	main	0x1406ab34b	0x14167615c
hello	main	0x1406978f2	0x1416732e4
hello	main	0x1406a797e	0x1416732e4
hold	main	0x1406a4391	0x141674dd4
homage	main	0x1406a3517	0x1416745c0
homage	main	0x1406a3686	0x1416745c0
homage	main	0x1406a3902	0x1416745c0
home	main	0x1406a3c6f	0x141674758
hope	emotion	0x14067ac36	0x141602924
hopelessness	emotion	0x14067ac59	0x141670a40
horror	emotion	0x140679f5b	0x1416637c0
horror	main	0x1406981c1	0x1416637c0
horror	main	0x140698a0b	0x1416637c0
humiliation	emotion	0x14067ac7c	0x141671018
humor	main	0x1406a907e	0x141675e1c
hunt	main	0x1406a946a	0x141675fdc
hunt	main	0x1406a9510	0x141675fdc
hunt	main	0x1406ab006	0x141675fdc
identity	main	0x14069bfec	0x1415edfe0
identity	main	0x14069c1d9	0x1415edfe0
identity	main	0x14069ffc2	0x1415edfe0
identity	main	0x1406a01af	0x1415edfe0
identity	main	0x1406a3a01	0x1415edfe0
impersonate	main	0x1406a7ae1	0x141675280
incident	main	0x14069851d	0x141673d90
incredulity	main	0x1406acad4	0x141676980
independence	value	0x1406798c2	0x141641578
indignation	emotion	0x14067b0bd	0x141671060
inevitable	main	0x1406a8484	0x141675aa0
insult	emotion	0x14067ac9f	0x141671024
insurrection	main	0x14069de8f	0x1415ee160
insurrection	main	0x14069e042	0x1415ee160
insurrection	main	0x14069e0d1	0x1415ee160
insurrection	main	0x1406a4424	0x1415ee160
insurrection	main	0x1406a8361	0x1415ee160
interest	emotion	0x14067acc2	0x141670ff8
interrogate	main	0x140697c88	0x1416734b8
introspection	value	0x140679932	0x1416414f0
intruder	main	0x1406a3d08	0x141674740
invasion	main	0x14069e781	0x1415ee210
investigate	main	0x140697c57	0x141673538
invite	main	0x1406a6bf6	0x1416753e4
invite	main	0x1406a76fc	0x1416753e4
invoke	main	0x1406a4b44	0x141674b64
invoke	main	0x1406a4c3f	0x141674b64
irritation	emotion	0x14067ace5	0x141671008
isolation	emotion	0x14067ad08	0x141670fd8
item	main	0x140697a5b	0x1415fcfe0
item	main	0x1406a2a72	0x1415fcfe0
item	main	0x1406a2bdf	0x1415fcfe0
item	main	0x1406a2d1b	0x1415fcfe0
job	main	0x14069b8a3	0x1415ede44
job	main	0x14069f879	0x1415ede44
job	main	0x1406a2576	0x1415ede44
job	main	0x1406ac9a2	0x1415ede44
join	main	0x1406a2283	0x1416748f8
join	main	0x1406a5b36	0x1416748f8
join	main	0x1406a6030	0x1416748f8
join	main	0x1406a68e2	0x1416748f8
join	main	0x1406a781d	0x1416748f8
joke	main	0x1406a27a9	0x141674a04
jolliness	emotion	0x14067ad2b	0x141670fe8
journey	main	0x1406994a1	0x141673b88
journey	main	0x1406a42f8	0x141673b88
journey	main	0x1406aab69	0x141673b88
joviality	emotion	0x14067ad4e	0x141670fb8
joy	emotion	0x14067a171	0x141602604
jubilation	emotion	0x14067ad71	0x141670fc8
keeper	main	0x1406a57e6	0x14167532c
keeper	main	0x1406a5ce0	0x14167532c
kick	main	0x1406a7052	0x141675118
kidnap	main	0x1406987f5	0x1415ee24c
kidnap	main	0x1406a0b2b	0x1415ee24c
kidnapping	main	0x14069be41	0x1415edf40
kidnapping	main	0x14069bebb	0x1415edf40
kidnapping	main	0x14069fe17	0x1415edf40
kidnapping	main	0x14069fe91	0x1415edf40
knowledge	value	0x140679d35	0x1416416e0
labor	main	0x14069b9b0	0x1415ede6c
labor	main	0x14069f986	0x1415ede6c
lair	main	0x1406ab037	0x1416761e0
land	main	0x14069992a	0x141673c94
later	main	0x1406a9e9e	0x141675cac
later	main	0x1406a9f06	0x141675cac
later	main	0x1406a9f6e	0x141675cac
laugh	main	0x1406ac04f	0x141676cf0
law	value	0x14067954d	0x1416415b8
law	main	0x140698678	0x1416415b8
leader	main	0x14069cb75	0x1415ee07c
leave	main	0x1406993d1	0x141673bc4
leave	main	0x1406a6f3b	0x141673bc4
legendary	main	0x1406a8a2e	0x141675748
leisure	value	0x140679c92	0x141670b20
life	main	0x1406a84c8	0x141675a64
light	main	0x1406a9296	0x14167607c
light	main	0x1406a930b	0x14167607c
list	main	0x1406a1ae7	0x141673fa0
loathing	emotion	0x14067ad94	0x141602898
location	main	0x1406a0dcd	0x1415ee288
location	main	0x1406a2d4c	0x1415ee288
location	main	0x1406a8229	0x1415ee288
location	main	0x1406aa139	0x1415ee288
location	main	0x1406aa89e	0x1415ee288
location	main	0x1406aa98c	0x1415ee288
location	main	0x1406aaac3	0x1415ee288
loneliness	emotion	0x14067adb7	0x141670fa0
love	emotion	0x14067a1af	
loyalty	value	0x1406795c3	0x1416415b0
lust	emotion	0x14067adda	0x141670fac
march	main	0x140698771	0x1415ee234
march	main	0x14069e750	0x1415ee234
martial	value	0x140679ac6	0x141670b38
master	main	0x1406a23e2	0x14165fbb8
master	main	0x1406aad9c	0x14165fbb8
master	main	0x1406ac5b0	0x14165fbb8
me	main	0x14069b324	0x1415edcf8
me	main	0x14069b4cb	0x1415edcf8
me	main	0x14069b5ed	0x1415edcf8
me	main	0x14069c07b	0x1415edcf8
me	main	0x14069c268	0x1415edcf8
me	main	0x14069c401	0x1415edcf8
me	main	0x14069c530	0x1415edcf8
me	main	0x14069c679	0x1415edcf8
me	main	0x14069c7a8	0x1415edcf8
me	main	0x14069c8f1	0x1415edcf8
me	main	0x14069ca20	0x1415edcf8
me	main	0x14069cbe2	0x1415edcf8
me	main	0x14069ce3e	0x1415edcf8
me	main	0x14069f2a7	0x1415edcf8
me	main	0x14069f44d	0x1415edcf8
me	main	0x14069f5c3	0x1415edcf8
me	main	0x1406a0051	0x1415edcf8
me	main	0x1406a023e	0x1415edcf8
me	main	0x1406a03d7	0x1415edcf8
me	main	0x1406a0506	0x1415edcf8
me	main	0x1406a064f	0x1415edcf8
me	main	0x1406a077e	0x1415edcf8
me	main	0x1406a08c7	0x1415edcf8
me	main	0x1406a09f6	0x1415edcf8
me	main	0x1406a0ba8	0x1415edcf8
me	main	0x1406a0f22	0x1415edcf8
me	main	0x1406a147f	0x1415edcf8
me	main	0x1406aad03	0x1415edcf8
mercenary	main	0x1406a5a06	0x1415ec9f0
mercenary	main	0x1406a5f00	0x1415ec9f0
merriment	value	0x140679a4a	0x141641530
misery	emotion	0x14067adfd	0x141670f84
mock	main	0x1406ac83f	0x141676d9c
monster	main	0x1406a5a4a	0x141675308
monster	main	0x1406a5f44	0x141675308
mortification	emotion	0x14067ae20	0x141670f90
murder	main	0x14069b9f9	0x1415ede54
murder	main	0x14069bdf8	0x1415ede54
murder	main	0x14069f9cf	0x1415ede54
murder	main	0x14069fdce	0x1415ede54
music	main	0x1406a8e22	0x1415eb50c
name	main	0x1406980c0	0x1415edfd8
name	main	0x14069bfbb	0x1415edfd8
name	main	0x14069c1a8	0x1415edfd8
name	main	0x14069ff91	0x1415edfd8
name	main	0x1406a017e	0x1415edfd8
name	main	0x1406a4ba6	0x1415edfd8
name	main	0x1406a4ca1	0x1415edfd8
nature	value	0x140679cf5	0x1416416ec
nature	main	0x1406a4a43	0x1416416ec
neighbors	main	0x1406a48a9	0x141674f68
nervousness	emotion	0x14067ae43	0x141670f68
nevermind	main	0x14069795a	0x1416732d0
night	main	0x1406a4d6b	0x141670434
night	main	0x1406aca3b	0x141670434
no	main	0x1406981f2	0x141603dd0
no	main	0x1406a2fa9	0x141603dd0
no	main	0x1406a31d5	0x141603dd0
no	main	0x1406a3401	0x141603dd0
no	main	0x1406a415e	0x141603dd0
no	main	0x1406a4290	0x141603dd0
no	main	0x1406a51f6	0x141603dd0
no	main	0x1406a525e	0x141603dd0
no	main	0x1406a52c6	0x141603dd0
no	main	0x1406a65af	0x141603dd0
no	main	0x1406a67be	0x141603dd0
no	main	0x1406a6b10	0x141603dd0
no	main	0x1406a6e55	0x141603dd0
no	main	0x1406a71ea	0x141603dd0
no	main	0x1406a73fb	0x141603dd0
no	main	0x1406a7a79	0x141603dd0
no	main	0x1406a7e5c	0x141603dd0
no	main	0x1406a8440	0x141603dd0
no	main	0x1406a8609	0x141603dd0
no	main	0x1406a87a1	0x141603dd0
no	main	0x1406a8d07	0x141603dd0
no	main	0x1406a9780	0x141603dd0
no	main	0x1406a99ad	0x141603dd0
no	main	0x1406a9aa8	0x141603dd0
no	main	0x1406aa0a0	0x141603dd0
no	main	0x1406aa1d2	0x141603dd0
no	main	0x1406aa2d3	0x141603dd0
no	main	0x1406aa5ae	0x141603dd0
no	main	0x1406aae04	0x141603dd0
no	main	0x1406ab611	0x141603dd0
no	main	0x1406ab774	0x141603dd0
no	main	0x1406ab80d	0x141603dd0
no	main	0x1406abc88	0x141603dd0
no	main	0x1406abd21	0x141603dd0
no	main	0x1406abdba	0x141603dd0
no	main	0x1406abfb6	0x141603dd0
no	main	0x1406ac119	0x141603dd0
no	main	0x1406ac7a6	0x141603dd0
no	main	0x1406ac870	0x141603dd0
no	main	0x1406acb05	0x141603dd0
nostalgia	emotion	0x14067ae66	0x141670f78
nothing	main	0x14069953a	0x141673d40
nuances	value	0x1406794a2	0x141670b50
object	main	0x140697a8c	0x141673290
occupation	main	0x140698848	0x1415ee258
occupation	main	0x14069e8aa	0x1415ee258
occupation	main	0x1406a43f3	0x1415ee258
occupation	main	0x1406a4841	0x1415ee258
occupied	main	0x1406a99de	0x141675b78
offer	main	0x1406a221b	0x1416740b8
offer	main	0x1406a34e6	0x1416740b8
offer	main	0x1406a3dd2	0x1416740b8
okay	main	0x1406a8b3e	0x1416756f8
okay	main	0x1406a8c92	0x1416756f8
older	main	0x1406a9a77	0x141675dd0
opinion	main	0x1406aa796	0x1416767a0
opposition	main	0x140699b3e	0x141674340
optimism	emotion	0x14067ae89	0x141670f50
order	main	0x140697d83	0x1415eddcc
order	main	0x14069965b	0x1415eddcc
order	main	0x140699763	0x1415eddcc
order	main	0x14069b77e	0x1415eddcc
order	main	0x14069b8d4	0x1415eddcc
order	main	0x14069f754	0x1415eddcc
order	main	0x14069f8aa	0x1415eddcc
order	main	0x1406a1a1d	0x1415eddcc
order	main	0x1406a1b49	0x1415eddcc
order	main	0x1406a1be2	0x1415eddcc
order	main	0x1406a1d08	0x1415eddcc
order	main	0x1406a20be	0x1415eddcc
order	main	0x1406a55d7	0x1415eddcc
other	main	0x140699adc	0x141674384
other	main	0x1406a45e9	0x141674384
oulaws	main	0x1406a962b	0x141675c00
out	main	0x1406a7083	0x14164f8ac
outburst	main	0x1406ac4af	0x141676ed0
outburst	strength_fail	0x1406b1de7	
outburst	strength_fail	0x1406b2020	
outburst	strength_fail	0x1406b21d1	
outburst	strength_fail	0x1406b2381	
outburst	strength_fail	0x1406b2527	
outburst	strength_fail	0x1406b26cd	
outburst	strength_fail	0x1406b2889	
outburst	strength_fail	0x1406b2a26	0x141676ed0
outburst	strength_fail	0x1406b2ab2	0x141676ed0
outburst	strength_fail	0x1406b2b3e	0x141676ed0
outburst	strength_fail	0x1406b2bca	0x141676ed0
outburst	strength_fail	0x1406b2c56	0x141676ed0
outburst	strength_fail	0x1406b2ce2	0x141676ed0
outburst	strength_fail	0x1406b2d6e	0x141676ed0
outburst	strength_fail	0x1406b2dfa	0x141676ed0
outburst	strength_fail	0x1406b2e86	0x141676ed0
outburst	strength_fail	0x1406b2f12	0x141676ed0
outburst	strength_fail	0x1406b2f9e	0x141676ed0
outlaws	main	0x1406a864d	0x1416759b0
outrage	emotion	0x14067aeac	0x141670f60
outrage	main	0x1406ac181	0x141670f60
overthrow	main	0x14069e12f	0x1415ee140
overview	main	0x140699bf5	0x1416742b8
overview	main	0x140699d14	0x1416742b8
pacify	main	0x1406a2710	0x141674a2c
panic	emotion	0x14067aecf	0x1416710c8
passion	emotion	0x14067af15	0x1416710d0
passive	main	0x1406ac447	0x141649f00
patience	emotion	0x14067aef2	0x141662658
patrol	main	0x1406999f4	0x141673c8c
patrol	main	0x1406a44bd	0x141673c8c
peace	value	0x140679d15	0x1415ee0cc
peace	main	0x14069d55f	0x1415ee0cc
peace	main	0x14069d676	0x1415ee0cc
peace	main	0x1406a2974	0x1415ee0cc
peace	main	0x1406a37c4	0x1415ee0cc
peace	main	0x1406ab578	0x1415ee0cc
pending	main	0x1406a9fd6	0x141676530
performance	main	0x14069bf22	0x1415edf90
performance	main	0x14069fef8	0x1415edf90
performer	main	0x1406a582a	0x141642440
performer	main	0x1406a5d24	0x141642440
performing	main	0x1406a89ea	0x141675778
permission	main	0x1406a28aa	0x1416749f8
perseverance	value	0x140679c6f	0x141641758
pessimism	emotion	0x14067b37a	0x141670cd8
pet	main	0x140698159	0x141673e34
pet	main	0x14069834e	0x141673e34
pity	emotion	0x14067b107	0x141671044
place	main	0x1406a81f8	0x141675870
plan	main	0x1406a24dd	0x141674844
plan	main	0x1406ac6dc	0x141674844
pleasure	emotion	0x14067af38	0x1416029a8
plot	main	0x1406a24ac	0x14167487c
plot	main	0x1406ac6ab	0x14167487c
poems	main	0x1406a9168	0x141676130
poems	main	0x1406a91dd	0x141676130
poems	main	0x1406a9252	0x141676130
poems	main	0x1406a92c7	0x141676130
poems	main	0x1406a933c	0x141676130
poems	main	0x1406a93b1	0x141676130
poems	main	0x1406a9426	0x141676130
poetry	main	0x1406a8e97	0x14161b6dc
poetry	main	0x1406a8f0c	0x14161b6dc
poetry	main	0x1406a8f81	0x14161b6dc
position	main	0x1406a3e34	0x1416746b0
power	value	0x140679684	0x1416415e4
praise	main	0x1406a5575	0x141675374
praise	main	0x1406ab20c	0x141675374
preaching	main	0x1406a8944	0x141675510
presence	main	0x14069cdd1	0x1415ee058
presence	main	0x14069cfda	0x1415ee058
presence	main	0x14069dd66	0x1415ee058
press	main	0x1406ac21a	0x141676c7c
pride	emotion	0x14067af5b	0x1416710b4
production	main	0x14069b74d	0x1415eddf8
production	main	0x14069f723	0x1415eddf8
profession	main	0x1406a2545	0x141674830
profession	main	0x1406ac940	0x141674830
prohibition	main	0x14069b829	0x1415ede08
prohibition	main	0x14069f7ff	0x1415ede08
prophecy	main	0x1406ab2b2	0x1416761a8
prophesize	main	0x1406ab2e3	0x141676178
protected	main	0x1406a95c9	0x141675c20
prowess	value	0x140679b3e	0x141670b40
quest	main	0x1406a9ba3	0x141675da4
quit	main	0x1406a4e97	0x141674abc
quit	main	0x1406a4f92	0x141674abc
rage	emotion	0x14067a01f	
rapture	emotion	0x14067af7e	0x1416710c0
raunchy	main	0x1406a9137	0x141676128
rebels	main	0x140699b0d	0x141674334
rebels	main	0x1406a464b	0x141674334
reclaim	main	0x14069e27b	0x1415ee1a8
reclaim	main	0x14069e4cd	0x1415ee1a8
refer	main	0x1406a9a46	0x141675b5c
reflective	main	0x1406a8edb	0x141675ec0
reflective	main	0x1406a8f50	0x141675ec0
refugees	main	0x14069dc0c	0x1415ee128
refugees	main	0x1406a47a8	0x1415ee128
refusal	main	0x1406a2ad4	0x141674928
refuse	main	0x14069c177	0x1415edfd0
refuse	main	0x1406a014d	0x1415edfd0
refuse	main	0x1406a2f78	0x1415edfd0
refuse	main	0x1406a31a4	0x1415edfd0
refuse	main	0x1406a33d0	0x1415edfd0
refuse	main	0x1406a412d	0x1415edfd0
refuse	main	0x1406a425f	0x1415edfd0
refuse	main	0x1406a65e0	0x1415edfd0
refuse	main	0x1406a67ef	0x1415edfd0
refuse	main	0x1406a6adf	0x1415edfd0
refuse	main	0x1406a6df3	0x1415edfd0
refuse	main	0x1406a7188	0x1415edfd0
refuse	main	0x1406a73ca	0x1415edfd0
refuse	main	0x1406a7a48	0x1415edfd0
refuse	main	0x1406ab5e0	0x1415edfd0
refuse	main	0x1406ab743	0x1415edfd0
refuse	main	0x1406ab7dc	0x1415edfd0
refuse	main	0x1406ac775	0x1415edfd0
refuse	main	0x1406ac80e	0x1415edfd0
regret	emotion	0x14067afe7	0x14167108c
reject	main	0x1406abcf0	0x141676294
reject	main	0x1406abd89	0x141676294
reject	main	0x1406ac0e8	0x141676294
rejection	emotion	0x14067afa1	0x1416710a0
relations	main	0x1406998c4	0x141673cc8
relief	emotion	0x14067afc4	0x1416710ac
remorse	emotion	0x14067b00a	0x141671098
rent	main	0x1406a1eaa	0x141674168
rent	main	0x1406a1fb6	0x141674168
repentance	emotion	0x14067b02d	0x141671070
reply	main	0x1406a79e0	0x141674fdc
report	main	0x1406a547c	0x141674ba4
reputation	main	0x1406983eb	0x141673df8
reputation	main	0x1406aa7c7	0x141673df8
request	main	0x140697d21	0x1416734b0
rescue	main	0x14069b167	0x1415edd60
rescue	main	0x14069f0ea	0x1415edd60
rescue	main	0x1406a53c7	0x1415edd60
rescue	main	0x1406a7916	0x1415edd60
rescue	main	0x1406a82f9	0x1415edd60
resentment	emotion	0x14067b050	0x141671080
respond	main	0x1406a8291	0x141675860
rest	main	0x1406a28db	0x141651344
restless	emotion	0x14067b073	0x141602ac8
retrieve	main	0x1406a9b72	0x1415ec6b0
return	main	0x1406a515d	0x141674c9c
return	main	0x1406ab23d	0x141674c9c
reunion	main	0x14069b198	0x1415edd90
reunion	main	0x14069f11b	0x1415edd90
reunited	main	0x14069b1c9	0x1415edd98
reunited	main	0x14069f14c	0x1415edd98
revoke	main	0x1406a75db	0x141675088
revolution	main	0x14069e160	0x1415ee150
ribald	main	0x1406a91ac	0x14167611c
ribald	main	0x1406a9221	0x14167611c
riddle	main	0x1406a8fc5	0x141675eb4
riddle	main	0x1406a9009	0x141675eb4
right	main	0x1406a8691	0x141675988
righteous	emotion	0x14067b096	0x141671050
rob	main	0x1406a3b30	0x1416747c8
robbery	main	0x14069bc5a	0x1415edee8
robbery	main	0x14069fc30	0x1415edee8
romance	value	0x140679cd5	0x141641730
room	main	0x1406a1a4e	0x141673fdc
room	main	0x1406a1edb	0x141673fdc
room	main	0x1406a1fe7	0x141673fdc
ruffian	main	0x140698a4f	0x141673f18
ruler	main	0x1406a4810	0x141604254
rumor	main	0x14069854e	0x141673f74
sacrifice	value	0x140679c29	0x141641708
sad	main	0x1406a850c	0x141602608
sadness	emotion	0x14067a128	0x141670c80
satisfaction	emotion	0x14067a0b7	0x141670c88
satisfaction	emotion	0x14067a29b	0x141670c88
saved	main	0x1406a949b	0x141675fe4
saved	main	0x1406a9554	0x141675fe4
scheme	main	0x1406a247b	0x141674874
scheme	main	0x1406ac67a	0x141674874
scholar	main	0x1406a586e	0x141642450
scholar	main	0x1406a5d68	0x141642450
scout	main	0x1406a4550	0x141674d10
scribe	main	0x1406a5abc	0x1416423b4
scribe	main	0x1406a5fb6	0x1416423b4
self	emotion	0x14067b0e0	0x14167103c
self-control	value	0x14067997c	0x1416414e0
sell	main	0x1406a1984	0x141673fe8
serve	main	0x1406a9cd4	0x141675d8c
service	main	0x140698c0b	0x141673ee0
service	main	0x1406a19ec	0x141673ee0
service	main	0x1406a1b18	0x141673ee0
service	main	0x1406a1bb1	0x141673ee0
service	main	0x1406a208d	0x141673ee0
service	main	0x1406a4cd2	0x141673ee0
service	main	0x1406a54ad	0x141673ee0
service	main	0x1406a56bd	0x141673ee0
service	main	0x1406a760c	0x141673ee0
service	main	0x1406a772d	0x141673ee0
service	main	0x1406a784e	0x141673ee0
service	main	0x1406aa007	0x141673ee0
service	main	0x1406aa06f	0x141673ee0
service	main	0x1406aa23a	0x141673ee0
servile	emotion	0x14067b12a	0x141602aa0
shaken	emotion	0x14067b14d	0x141602a98
shame	emotion	0x14067b170	0x14167102c
shock	emotion	0x140679f1e	0x141670b18
shopkeeper	main	0x1406aa2a2	0x1416764a0
show	main	0x1406a21ea	0x1416740ec
site	main	0x1406a81c7	0x141675868
skill	value	0x140679b7f	0x141641724
skip	main	0x1406a502b	0x141674a6c
skulking	main	0x140698996	0x141673f30
slayer	main	0x1406a5a7b	0x141675310
slayer	main	0x1406a5f75	0x141675310
sleep	main	0x1406a2879	0x14164fb9c
slow	main	0x14069b97f	0x1415ede3c
slow	main	0x14069f955	0x1415ede3c
snatching	main	0x14069be72	0x1415edf50
snatching	main	0x14069beec	0x1415edf50
snatching	main	0x14069fe48	0x1415edf50
snatching	main	0x14069fec2	0x1415edf50
solemn	main	0x1406a9380	0x141676074
solemn	main	0x1406a93f5	0x141676074
sorry	main	0x1406a7f8e	0x14167513c
sorry	main	0x1406a997c	0x14167513c
stakeholders	main	0x140699b6f	0x1416742f8
state	main	0x140697bbe	0x141673568
stay	main	0x14069929f	0x141673c1c
stoicism	value	0x140679902	
stop	main	0x1406a29a5	0x14167496c
stop	main	0x1406a83cb	0x14167496c
stop	main	0x1406ab547	0x14167496c
stop	main	0x1406ac346	0x14167496c
structure	main	0x1406a237a	0x1416748c0
struggle	strength_great	0x1406b3283	0x141676a68
struggle	strength_great	0x1406b32e7	0x141676a68
struggle	strength_great	0x1406b334b	0x141676a68
struggle	strength_great	0x1406b33af	0x141676a68
struggle	strength_great	0x1406b341f	0x141676a68
struggle	strength_great	0x1406b348f	0x141676a68
struggle	strength_great	0x1406b34f3	0x141676a68
struggle	strength_great	0x1406b35ab	0x141676a68
struggle	strength_great	0x1406b360f	0x141676a68
struggle	strength_great	0x1406b3673	0x141676a68
struggle	strength_great	0x1406b36d7	0x141676a68
struggle	strength_great	0x1406b373b	0x141676a68
struggle	strength_great	0x1406b379f	0x141676a68
struggle	strength_great	0x1406b3803	0x141676a68
struggle	strength_great	0x1406b3867	0x141676a68
struggle	strength_great	0x1406b38cb	0x141676a68
struggle	strength_great	0x1406b392f	0x141676a68
struggle	strength_great	0x1406b3e07	0x141676a68
struggle	strength_great	0x1406b3e6b	0x141676a68
struggle	strength_great	0x1406b3edb	0x141676a68
struggle	strength_great	0x1406b3f48	0x141676a68
struggle	strength_regular	0x1406b4373	0x141676a68
struggle	strength_regular	0x1406b43d7	0x141676a68
struggle	strength_regular	0x1406b443b	0x141676a68
struggle	strength_regular	0x1406b449f	0x141676a68
struggle	strength_regular	0x1406b450f	0x141676a68
struggle	strength_regular	0x1406b457f	0x141676a68
struggle	strength_regular	0x1406b45e3	0x141676a68
struggle	strength_regular	0x1406b469b	0x141676a68
struggle	strength_regular	0x1406b46ff	0x141676a68
struggle	strength_regular	0x1406b4763	0x141676a68
struggle	strength_regular	0x1406b47c7	0x141676a68
struggle	strength_regular	0x1406b482b	0x141676a68
struggle	strength_regular	0x1406b488f	0x141676a68
struggle	strength_regular	0x1406b48f3	0x141676a68
struggle	strength_regular	0x1406b4957	0x141676a68
struggle	strength_regular	0x1406b49bb	0x141676a68
struggle	strength_regular	0x1406b4a1f	0x141676a68
struggle	strength_regular	0x1406b4ef7	0x141676a68
struggle	strength_regular	0x1406b4f5b	0x141676a68
struggle	strength_regular	0x1406b4fcb	0x141676a68
struggle	strength_regular	0x1406b5038	0x141676a68
subject	main	0x1406a50c4	0x141674d08
submission	main	0x14069c395	0x1415edff0
submission	main	0x1406a036b	0x1415edff0
succession	main	0x14069cb44	0x1415ee070
suggest	main	0x1406a2c10	0x141674680
suggest	main	0x1406a7c49	0x141674680
suggest	main	0x1406a7d38	0x141674680
surgeon	main	0x1406a593a	0x141642408
surgeon	main	0x1406a5e34	0x141642408
surprise	main	0x1406ab104	0x1416761b8
surrender	main	0x1406a3bd6	0x141674760
surroundings	main	0x1406a4aab	0x141674eb0
surroundings	main	0x1406aac6a	0x141674eb0
suspicion	emotion	0x140679e64	0x141670b28
sympathy	emotion	0x14067b193	0x141602a80
take	main	0x1406a21b9	0x1416740e4
talk	main	0x1406ac57f	0x141676e18
talk	main	0x1406ac649	0x141676e18
task	main	0x1406a55a6	0x14167537c
tavern	main	0x1406a57b5	0x14164c530
tavern	main	0x1406a5caf	0x14164c530
tell	main	0x14069857f	0x141673f7c
tell	main	0x1406aa394	0x141673f7c
tenderness	emotion	0x14067b1b6	0x141602a70
terrible	main	0x1406a8581	0x1416759f8
terrific	main	0x1406a8719	0x1416755f8
terrifying	main	0x1406a85c5	0x1416759b8
territory	main	0x14069995b	0x1416437f0
terror	emotion	0x14067a25d	0x141670c44
terror	main	0x1406ab3e4	0x141670c44
thank	main	0x1406abe53	0x141676d68
thanks	main	0x14069825a	0x141673e2c
theft	main	0x14069bc11	0x1415edefc
theft	main	0x14069bdaf	0x1415edefc
theft	main	0x14069fbe7	0x1415edefc
theft	main	0x14069fd85	0x1415edefc
thoughts	main	0x1406aae9d	0x141676600
thrill	emotion	0x14067b1d9	0x141671034
town	main	0x1406a48da	0x141646c04
trade	main	0x1406a188f	0x14164fbc4
trade	main	0x1406a2b05	0x14164fbc4
trade	main	0x1406a2c41	0x14164fbc4
trade	main	0x1406aabd1	0x14164fbc4
tradition	value	0x1406797f3	0x1416415a0
tranquility	value	0x1406799bc	0x1416414d0
transfer	main	0x1406a3e03	0x1416746f0
travel	main	0x1406a4329	0x141674e04
treason	main	0x14069bcec	0x1415edf10
treason	main	0x14069fcc2	0x1415edf10
treasure	main	0x140698b18	0x141673f20
treasure	main	0x140699dcb	0x141673f20
tribute	main	0x14069d103	0x1415ee0b0
tribute	main	0x14069d21a	0x1415ee0b0
tribute	main	0x14069d331	0x1415ee0b0
tribute	main	0x14069d448	0x1415ee0b0
tribute	main	0x14069d78d	0x1415ee0b0
tribute	main	0x1406a3548	0x1415ee0b0
tribute	main	0x1406a36b7	0x1415ee0b0
tribute	main	0x1406a3933	0x1415ee0b0
triumph	emotion	0x140679fd6	0x1416024b0
trouble	main	0x1406979c2	0x1416732b8
trouble	main	0x140698ad7	0x1416732b8
troublemaker	main	0x140699cac	0x1416742a8
troubles	main	0x140698ba3	0x141673f08
troupe	main	0x140697deb	0x14167349c
troupe	main	0x1406a6913	0x14167349c
troupe	main	0x1406a6c27	0x14167349c
troupe	main	0x1406a6f6c	0x14167349c
troupe	main	0x1406a70b4	0x14167349c
true	main	0x1406a4b75	0x141662e50
true	main	0x1406a4c70	0x141662e50
truth	value	0x1406796b9	0x1416415dc
uneasiness	emotion	0x14067b1fc	0x141670d38
unhappiness	emotion	0x14067b21f	0x141670d48
unneeded	main	0x1406abf85	0x141676cf8
value	value	0x140679461	0x141670b48
values	main	0x140697bef	0x141660dcc
vandalism	main	0x14069bbc8	0x1415ed700
vandalism	main	0x14069fb9e	0x1415ed700
vengefulness	emotion	0x14067a21d	0x141670c68
vermin	main	0x1406989c7	0x141673f3c
vigilant	main	0x1406a7ef5	0x141675148
village	main	0x1406a490b	0x141674f10
violation	main	0x14069b7af	0x1415eddd8
violation	main	0x14069b85a	0x1415eddd8
violation	main	0x14069b905	0x1415eddd8
violation	main	0x14069f785	0x1415eddd8
violation	main	0x14069f830	0x1415eddd8
violation	main	0x14069f8db	0x1415eddd8
wait	main	0x14069926e	0x141673c14
war	main	0x140698a93	0x141649be4
weather	main	0x1406a4973	0x141674ef0
welcome	main	0x1406a3c3e	0x141674750
what	main	0x1406a532e	0x141674c54
where	main	0x1406984b5	0x141673dac
where	main	0x1406a2d7d	0x141673dac
where	main	0x1406aa86d	0x141673dac
where	main	0x1406aa95b	0x141673dac
where	main	0x1406aaa92	0x141673dac
who	main	0x14069841c	0x141673db4
who	main	0x1406aa765	0x141673db4
withdraw	main	0x1406a43c2	0x141674d60
withdrawal	main	0x14069dae3	0x1415ee0e0
wonder	emotion	0x14067b242	0x141602a38
work	main	0x1406a25a7	0x14167483c
work	main	0x1406a5b67	0x14167483c
work	main	0x1406a6061	0x14167483c
work	main	0x1406aa1a1	0x14167483c
work	main	0x1406ac971	0x14167483c
worry	emotion	0x14067b265	0x141670d24
worthlessness	value	0x14067940b	0x141670b78
wrath	emotion	0x14067b288	0x141670d2c
writing	main	0x14069aad6	0x1415edca0
writing	main	0x14069ea2b	0x1415edca0
yes	main	0x14069828b	0x141673e04
yes	main	0x1406a2e93	0x141673e04
yes	main	0x1406a30bf	0x141673e04
yes	main	0x1406a32eb	0x141673e04
yes	main	0x1406a40c5	0x141673e04
yes	main	0x1406a41f7	0x141673e04
yes	main	0x1406a61e8	0x141673e04
yes	main	0x1406a63f7	0x141673e04
yes	main	0x1406a96e7	0x141673e04
yes	main	0x1406a9819	0x141673e04
yes	main	0x1406a98b2	0x141673e04
yes	main	0x1406ab4e5	0x141673e04
yes	main	0x1406ab6db	0x141673e04
yes	main	0x1406abe84	0x141673e04
yes	main	0x1406abf1d	0x141673e04
yes	main	0x1406ac080	0x141673e04
yes	main	0x1406ac5e1	0x141673e04
yes	main	0x1406ac70d	0x141673e04
yield	main	0x1406a3ba5	0x1416747b8
yield	main	0x1406ab3b3	0x1416747b8
yield	main	0x1406ab44c	0x1416747b8
zeal	emotion	0x14067b2ab	0x141670d14
