# Supported native Windows x64 DF 53.16 PE layouts; build input for tools/build_history_event_profiles.py.
# native history_event RTTI class	vtable VA	paragraph formatter +0xd0 VA	subject formatter +0xd8 VA
.?AVhistory_event_knowledge_discoveredst@@	0x1415e9780	0x140b6f500	0x140b72460
.?AVhistory_eventst@@	0x1416ea7c8	0x140072250	0x140072250
.?AVhistory_event_artifact_createdst@@	0x1415e9980	0x140b89cf0	0x140b89e90
.?AVhistory_event_hf_learns_secretst@@	0x1415e9ac0	0x140b78270	0x140b78480
.?AVhistory_event_artifact_storedst@@	0x1415fc728	0x140b87ad0	0x140b87d00
.?AVhistory_event_entity_searched_sitest@@	0x1415f9b58	0x140b65870	0x140b65940
.?AVhistory_event_hf_freedst@@	0x1415fbd28	0x140b664e0	0x140b66710
.?AVhistory_event_body_abusedst@@	0x1415f98d8	0x140b83d10	0x140b84480
.?AVhistory_event_first_contact_failedst@@	0x1415f9158	0x140b814d0	0x140b81770
.?AVhistory_event_war_peace_rejectedst@@	0x1415f8fe0	0x140b839b0	0x140b83c50
.?AVhistory_event_war_destroyed_sitest@@	0x1415fcd68	0x140b65fa0	0x140b660c0
.?AVhistory_event_hf_does_interactionst@@	0x1415fb490	0x140b78660	0x140b78950
.?AVhistory_event_war_plundered_sitest@@	0x1415fb8f8	0x140b661d0	0x140b663a0
.?AVhistory_event_war_attacked_sitest@@	0x1415fbbb0	0x140b65b80	0x140b65eb0
.?AVhistory_event_war_peace_acceptedst@@	0x1415fcea8	0x140b83650	0x140b838f0
.?AVhistory_event_tactical_situationst@@	0x1415fc5e8	0x140b6c4a0	0x140b6cb80
.?AVhistory_event_hist_figure_woundedst@@	0x1415f9c98	0x140b6b190	0x140b6b540
.?AVhistory_event_item_stolenst@@	0x1415f86b0	0x140b8b080	0x140b8b3c0
.?AVhistory_event_spotted_leaving_sitest@@	0x1415fc868	0x140b679f0	0x140b67b00
.?AVhistory_event_hist_figure_simple_battle_eventst@@	0x1415fb748	0x140b6ec90	0x140b6f040
.?AVhistory_event_topicagreement_rejectedst@@	0x1415fba38	0x140b81b60	0x140b81e20
.?AVhistory_event_war_site_taken_overst@@	0x1415fb098	0x140b67220	0x140b67370
.?AVhistory_event_squad_vs_squadst@@	0x1415fb1d8	0x140b6cd90	0x140b6d700
.?AVhistory_event_entity_rampaged_in_sitest@@	0x1415fcae8	0x140b655d0	0x140b65680
.?AVhistory_event_assume_identityst@@	0x1415f9658	0x140b79060	0x140b792f0
.?AVhistory_event_artifact_givenst@@	0x1415fa698	0x140b880e0	0x140b88300
.?AVhistory_event_sabotagest@@	0x1415f9798	0x140b7cc30	0x140b7cd50
.?AVhistory_event_first_contactst@@	0x1415f9a18	0x140b81170	0x140b81410
.?AVhistory_event_sneak_into_sitest@@	0x1415fa7d8	0x140b659e0	0x140b65ae0
.?AVhistory_event_entity_alliance_formedst@@	0x1415f93d8	0x140b7c2c0	0x140b7c5e0
.?AVhistory_event_created_sitest@@	0x1415f8570	0x140b69a10	0x140b69bb0
.?AVhistory_event_war_site_tribute_forcedst@@	0x1415fb350	0x140b66ec0	0x140b670b0
.?AVhistory_event_reclaim_sitest@@	0x1415f9298	0x140b6a930	0x140b6aa30
.?AVhistory_event_site_surrenderedst@@	0x1415fb5d0	0x140b675f0	0x140b676f0
.?AVhistory_event_topicagreement_madest@@	0x1415fcc28	0x140b82720	0x140b831e0
.?AVhistory_event_hf_act_on_artifactst@@	0x1415fc9a8	0x140b698b0	0x140b6a250
.?AVhistory_event_add_hf_entity_linkst@@	0x1415f9518	0x140b7ea50	0x140b80420
.?AVhistory_event_hist_figure_simple_actionst@@	0x1415f9dd8	0x140b6dcb0	0x140b6e1e0
.?AVhistory_event_entity_expels_hfst@@	0x141602f10	0x140b7a060	0x140b80080
.?AVhistory_event_hist_figure_diedst@@	0x1416030c0	0x140b70870	0x140b73780
.?AVhistory_event_hf_destroyed_sitest@@	0x141621a48	0x140b677e0	0x140b678f0
.?AVhistory_event_war_site_new_leaderst@@	0x141622d70	0x140b668e0	0x140b66c00
.?AVhistory_event_hf_attacked_sitest@@	0x14161d0b0	0x140b67bf0	0x140b67d00
.?AVhistory_event_hfs_formed_intrigue_relationshipst@@	0x14161ec98	0x1402a9e40	0x1402aa590
.?AVhistory_event_change_creature_typest@@	0x141626970	0x140b78c30	0x140b78e60
.?AVhistory_event_war_field_battlest@@	0x14161d1f0	0x140b651f0	0x140b65500
.?AVhistory_event_artifact_claim_formedst@@	0x141626bf0	0x140b88500	0x140b88790
.?AVhistory_event_agreement_formedst@@	0x141626ab0	0x1402aaf70	0x1402ad7f0
.?AVhistory_event_hf_convictedst@@	0x141641af0	0x140b7da60	0x140b7e640
.?AVhistory_event_agreement_concludedst@@	0x141641e50	0x140b81f00	0x140b82a20
.?AVhistory_event_masterpiece_lostst@@	0x1416519b8	0x140b638f0	0x140b65030
.?AVhistory_event_masterpiece_created_arch_constructst@@	0x141658568	0x140b623c0	0x140b63b80
.?AVhistory_event_entity_overthrownst@@	0x14165ed90	0x140b79d20	0x140b79fb0
.?AVhistory_event_artifact_foundst@@	0x14165f290	0x140b8ada0	0x140b8af20
.?AVhistory_event_entity_incorporatedst@@	0x14165f010	0x140b68690	0x140b68b60
.?AVhistory_event_create_entity_positionst@@	0x14165e838	0x140b79490	0x140b796d0
.?AVhistory_event_modified_buildingst@@	0x14165f150	0x140b7af80	0x140b7b0e0
.?AVhistory_event_failed_intrigue_corruptionst@@	0x14165f3d0	0x1402aa700	0x1402aae00
.?AVhistory_event_hfs_formed_reputation_relationshipst@@	0x14165fa10	0x140b798c0	0x140b7feb0
.?AVhistory_event_created_buildingst@@	0x14165f8d0	0x140b69280	0x140b69d30
.?AVhistory_event_hist_figure_revivedst@@	0x14165e5b8	0x140b70360	0x140b732f0
.?AVhistory_event_artifact_possessedst@@	0x14165e478	0x140b87e20	0x140b87f90
.?AVhistory_event_hf_enslavedst@@	0x14165eed0	0x140b7ca00	0x140b7cb20
.?AVhistory_event_building_profile_acquiredst@@	0x14165eb10	0x140b7b230	0x140b7b400
.?AVhistory_event_entity_createdst@@	0x14165e6f8	0x140b68020	0x140b688d0
.?AVhistory_event_hf_interrogatedst@@	0x14165f650	0x140b7ce60	0x140b7d2f0
.?AVhistory_event_hf_ransomedst@@	0x14165e978	0x140b7c6e0	0x140b7c8b0
.?AVhistory_event_failed_frame_attemptst@@	0x14165f790	0x140b7d410	0x140b7d740
.?AVhistory_event_add_hf_entity_honorst@@	0x14165ec50	0x140b7a420	0x140b7a9f0
.?AVhistory_event_entity_actionst@@	0x14165f510	0x140b68180	0x140b689e0
.?AVhistory_event_hist_figure_reach_summitst@@	0x1416b72b8	0x140b6b8e0	0x140b6bc70
.?AVhistory_event_change_hf_body_statest@@	0x1416c7970	0x140b76120	0x140b76340
.?AVhistory_event_replaced_buildingst@@	0x1416c4ac0	0x140b69450	0x140b69f00
.?AVhistory_event_poetic_form_createdst@@	0x1416c76f0	0x140b88a40	0x140b88c70
.?AVhistory_event_hist_figure_new_petst@@	0x1416c5380	0x140b6e600	0x140b6e960
.?AVhistory_event_add_entity_site_profile_flagst@@	0x1416c4760	0x140b67460	0x140b67530
.?AVhistory_event_entity_fled_sitest@@	0x1416c3ea0	0x140b65720	0x140b657d0
.?AVhistory_event_hf_preachst@@	0x1416c3d60	0x140b7b540	0x140b7b6a0
.?AVhistory_event_site_disputest@@	0x1416c8a20	0x140b83300	0x140b834b0
.?AVhistory_event_musical_form_createdst@@	0x1416c48a0	0x140b88e70	0x140b89120
.?AVhistory_event_dance_form_createdst@@	0x1416c7470	0x140b89390	0x140b89640
.?AVhistory_event_artifact_copiedst@@	0x1416c2460	0x140b89fc0	0x140b8a150
.?AVhistory_event_entity_dissolvedst@@	0x1416c3c20	0x140b7ab20	0x140b7abe0
.?AVhistory_event_entity_lawst@@	0x1416c75b0	0x140b68d50	0x140b68e80
.?AVhistory_event_tradest@@	0x1416c8b60	0x140b85190	0x140b85360
.?AVhistory_event_regionpop_incorporated_into_entityst@@	0x1416cabe0	0x140b68300	0x140b684d0
.?AVhistory_event_entity_persecutedst@@	0x1416c6430	0x140b7b7f0	0x140b7bfb0
.?AVhistory_event_entity_equipment_purchasest@@	0x1416ca320	0x140b7ac70	0x140b7ae50
.?AVhistory_event_created_world_constructionst@@	0x1416c7830	0x140b68fb0	0x140b69120
.?AVhistory_event_hist_figure_travelst@@	0x1416c2320	0x140b6bf50	0x140b6c210
.?AVhistory_event_entity_breach_feature_layerst@@	0x1416cd138	0x140b7c0d0	0x140b7c1d0
.?AVhistory_event_hf_act_on_buildingst@@	0x1416ccfc0	0x140b69760	0x140b6a110
.?AVhistory_event_topicagreement_concludedst@@	0x1416cff10	0x140b81830	0x140b819e0
.?AVhistory_event_agreements_voidedst@@	0x1416cfd20	0x140b84d20	0x140b84dd0
.?AVhistory_event_diplomat_lostst@@	0x1416d0190	0x140b84b70	0x140b84c60
.?AVhistory_event_masterpiece_created_itemst@@	0x1416d0050	0x140b62630	0x140b63dd0
.?AVhistory_event_hist_figure_abductedst@@	0x1416cfaf8	0x140b75350	0x140b75510
.?AVhistory_event_change_hf_moodst@@	0x1416d0328	0x140b76dc0	0x140b76fe0
.?AVhistory_event_artifact_destroyedst@@	0x1416d04e0	0x140b8ab30	0x140b8ac80
.?AVhistory_event_remove_hf_hf_linkst@@	0x1416ea688	0x140b77b30	0x140b7f770
.?AVhistory_event_creature_devouredst@@	0x1416eb980	0x140b6ab80	0x140b6ae90
.?AVhistory_event_masterpiece_created_item_improvementst@@	0x1416e9958	0x140b62d20	0x140b64490
.?AVhistory_event_hf_gains_secret_goalst@@	0x1416e9238	0x140b6ffa0	0x140b72ee0
.?AVhistory_event_ceremonyst@@	0x1416e7bd8	0x140b8e6e0	0x140b8e990
.?AVhistory_event_change_hf_jobst@@	0x1416e8608	0x140b75660	0x140b75c00
.?AVhistory_event_remove_hf_entity_linkst@@	0x1416eb6a0	0x140b7eff0	0x140b80ae0
.?AVhistory_event_remove_hf_site_linkst@@	0x1416e7958	0x140b780b0	0x140b7fc80
.?AVhistory_event_masterpiece_created_foodst@@	0x1416e77b8	0x140b63490	0x140b64c00
.?AVhistory_event_add_hf_hf_linkst@@	0x1416e90f8	0x140b77720	0x140b7f4a0
.?AVhistory_event_hist_figure_reunionst@@	0x1416e7d18	0x140b74e00	0x140b750d0
.?AVhistory_event_artifact_droppedst@@	0x1416e80a8	0x140b8b990	0x140b8ba80
.?AVhistory_event_merchantst@@	0x1416ea468	0x140b875d0	0x140b877e0
.?AVhistory_event_masterpiece_created_engravingst@@	0x1416eabc0	0x140b636e0	0x140b64e30
.?AVhistory_event_add_hf_site_linkst@@	0x1416e7a98	0x140b77ed0	0x140b7fa40
.?AVhistory_event_entity_razed_buildingst@@	0x1416ead00	0x140b69590	0x140b6a3b0
.?AVhistory_event_insurrection_startedst@@	0x1416eaa48	0x140b6a480	0x140b6a550
.?AVhistory_event_competitionst@@	0x1416ea328	0x140b8c990	0x140b8d5f0
.?AVhistory_event_change_hf_statest@@	0x1416eb1b0	0x140b771d0	0x140b77430
.?AVhistory_event_hf_confrontedst@@	0x1416e94b8	0x140b76980	0x140b76ba0
.?AVhistory_event_hf_recruited_unit_type_for_entityst@@	0x1416e9f08	0x140b7a150	0x140b80160
.?AVhistory_event_site_diedst@@	0x1416ea908	0x140b67e00	0x140b67f30
.?AVhistory_event_artifact_lostst@@	0x1416e8a08	0x140b8a8c0	0x140b8aa10
.?AVhistory_event_processionst@@	0x1416e7f68	0x140b8ddd0	0x140b8e460
.?AVhistory_event_site_retiredst@@	0x1416ea078	0x140b687e0	0x140b68c90
.?AVhistory_event_masterpiece_created_dye_itemst@@	0x1416e9a98	0x140b62860	0x140b63fd0
.?AVhistory_event_artifact_recoveredst@@	0x1416e8ef8	0x140b8b6b0	0x140b8b830
.?AVhistory_event_gamblest@@	0x1416e8c38	0x140b84e70	0x140b85030
.?AVhistory_event_written_content_composedst@@	0x1416e83d8	0x140b898b0	0x140b89af0
.?AVhistory_event_performancest@@	0x1416e9378	0x140b8bb50	0x140b8c2b0
.?AVhistory_event_hf_relationship_deniedst@@	0x1416e9bd8	0x140b76550	0x140b767c0
.?AVhistory_event_insurrection_endedst@@	0x1416e9d18	0x140b6a600	0x140b6a7f0
.?AVhistory_event_artifact_hiddenst@@	0x1416eae40	0x140b879d0	0x140b87c20
.?AVhistory_event_hf_razed_buildingst@@	0x1416ea1b8	0x140b69670	0x140b6a030
.?AVhistory_event_artifact_transformedst@@	0x1416eb840	0x140b8a2d0	0x140b8a720
