# Native operation titles: Linux DF 53.16, ELF BuildID bcc6789e6fb477b785a2b02be80b8b1b054ff88c
# GENERATED by tools/extract_operation_title_catalog.py; translation entries live in data/runtime/local-overrides.tsv.
# Source inventory only: follows native title branches, never executes game code.
# group	literal VA	draw call VA	complete source
arena	0x219ef56	0x169494c	Adding magma
arena	0x219ef6f	0x1694096	Adding mud
arena	0x219ef63	0x16940f1	Adding snow
arena	0x219ef49	0x1694982	Adding water
mining	0x219efe2	0x16ab85a	Automated vein and gem mining
mining	0x21a6e10	0x16ab73f	Automated vein and gem mining blueprint
surface	0x21a6ff0	0x16abaad	Carving fortifications through walls
surface	0x219f13d	0x16abb46	Carving tracks in floor
mining	0x219f08d	0x16ac301	Channel mining
mining	0x219f074	0x16a1241	Channel mining blueprint
chopping	0x219f0d3	0x16a5f76	Chopping trees
chopping	0x219f0ba	0x168f7ed	Chopping trees blueprint
items	0x21a7070	0x16ab5b5	Claiming forbidden items and buildings
chopping	0x21a6ea8	0x169a21d	Converting chopping blueprint to regular
gathering	0x21a6f28	0x16988d4	Converting gathering blueprint to regular
mining	0x21a6e60	0x168f924	Converting mining blueprint to regular
mining	0x21a6e88	0x16ab4ef	Converting mining to blueprint
surface	0x21a7018	0x16aba27	Converting smoothing blueprint to regular
chopping	0x21a6ed8	0x1698759	Converting to chopping blueprint
gathering	0x21a6f58	0x1699840	Converting to gathering blueprint
surface	0x21a7048	0x16ab9f1	Converting to smoothing blueprint
traffic	0x219f1fb	0x1694a0b	Designating high traffic area
items	0x219f191	0x16a0892	Designating items for dumping
items	0x219f155	0x16a5f4b	Designating items for melting
traffic	0x219f219	0x16981d4	Designating low traffic area
traffic	0x21a70b8	0x1690b7d	Designating restricted traffic area
surface	0x219f111	0x16ab9bb	Engraving blueprint
surface	0x21a6fa8	0x16abb1b	Engraving smoothed floors and walls
items	0x21a7098	0x16ab57f	Forbidding items and buildings
surface	0x21a6fd0	0x16ab978	Fortification carving blueprint
gathering	0x219f0e2	0x16a5ec5	Gathering fruit and leaves
gathering	0x21a6f00	0x168f8ba	Gathering fruit and leaves blueprint
mining	0x219f014	0x16ab7ee	Gem mining
mining	0x219efb4	0x16ab6b2	Gem mining blueprint
items	0x219f1cd	0x16ab8cc	Hiding items from view
arena	0x219ef13	0x16944c8	Placing creatures
arena	0x219ef3b	0x1694426	Placing trees
mining	0x219f068	0x16ab644	Ramp mining
mining	0x219f052	0x16ab549	Ramp mining blueprint
mining	0x219f01f	0x16ab78c	Regular mining
mining	0x219efc9	0x16ab619	Regular mining blueprint
items	0x219f1af	0x16a085c	Removing dumping designations
arena	0x219ef7a	0x1694a41	Removing fluids and spatter
items	0x219f173	0x16a5f15	Removing melting designations
erase	0x21a70e0	0x168f5ed	Removing mining/chopping/gathering/smoothing orders
mining	0x21a6e38	0x16ab17d	Removing stairs/ramp/constructions
traffic	0x219f236	0x167f19c	Removing traffic designations
items	0x219f1e4	0x169f7cf	Revealing hidden items
surface	0x219f0fd	0x16abaf0	Smoothing blueprint
surface	0x21a6f80	0x16abb71	Smoothing rough floors and walls
mining	0x219f045	0x16ab7c3	Stair mining
mining	0x219f02e	0x16ab687	Stair mining blueprint
surface	0x219f125	0x16aba6a	Track carving blueprint
mining	0x219f000	0x16ab824	Vein and gem mining
mining	0x219ef96	0x16ab6e8	Vein and gem mining blueprint
