# scope	complete native source or constituent	target	semantic field scopes	native construction evidence
# Complete slain-foe boast grammar; includes optional office, all active GENERAL/SLAIN_DWARF/SLAIN_ELF clauses and native nonverbal cries.
sentence	I am the bane of {s}!	我就是{s1}的祸根！	boast-victim	0x14068f2f0..0x140690060; main speech 0x1404dd6b0/0x1404b987b; SLAYER text at 0x14068f608, victim 0x14068f7c6, terminal 0x14068ff75; data/vanilla/vanilla_text/objects/text_slayer.txt
sentence	I am the bane of {s}, {s}!	我就是{s1}的祸根，{s2}！	boast-victim,boast-slain-clause	0x14068f2f0..0x140690060; main speech 0x1404dd6b0/0x1404b987b; SLAYER + victim + full GENERAL/SLAIN_* relative clause 0x14068f8f5..0x14068ff75
sentence	I am the conqueror of {s}!	我就是{s1}的征服者！	boast-victim	0x14068f2f0..0x140690060; main speech 0x1404dd6b0/0x1404b987b; SLAYER text at 0x14068f608, victim 0x14068f7c6, terminal 0x14068ff75; data/vanilla/vanilla_text/objects/text_slayer.txt
sentence	I am the conqueror of {s}, {s}!	我就是{s1}的征服者，{s2}！	boast-victim,boast-slain-clause	0x14068f2f0..0x140690060; main speech 0x1404dd6b0/0x1404b987b; SLAYER + victim + full GENERAL/SLAIN_* relative clause 0x14068f8f5..0x14068ff75
sentence	I am the death of {s}!	给{s1}带来死亡的正是我！	boast-victim	0x14068f2f0..0x140690060; main speech 0x1404dd6b0/0x1404b987b; SLAYER text at 0x14068f608, victim 0x14068f7c6, terminal 0x14068ff75; data/vanilla/vanilla_text/objects/text_slayer.txt
sentence	I am the death of {s}, {s}!	给{s1}带来死亡的正是我，{s2}！	boast-victim,boast-slain-clause	0x14068f2f0..0x140690060; main speech 0x1404dd6b0/0x1404b987b; SLAYER + victim + full GENERAL/SLAIN_* relative clause 0x14068f8f5..0x14068ff75
sentence	I am the foe of {s}!	我就是{s1}的敌人！	boast-victim	0x14068f2f0..0x140690060; main speech 0x1404dd6b0/0x1404b987b; SLAYER text at 0x14068f608, victim 0x14068f7c6, terminal 0x14068ff75; data/vanilla/vanilla_text/objects/text_slayer.txt
sentence	I am the foe of {s}, {s}!	我就是{s1}的敌人，{s2}！	boast-victim,boast-slain-clause	0x14068f2f0..0x140690060; main speech 0x1404dd6b0/0x1404b987b; SLAYER + victim + full GENERAL/SLAIN_* relative clause 0x14068f8f5..0x14068ff75
sentence	I am the killer of {s}!	杀死{s1}的正是我！	boast-victim	0x14068f2f0..0x140690060; main speech 0x1404dd6b0/0x1404b987b; SLAYER text at 0x14068f608, victim 0x14068f7c6, terminal 0x14068ff75; data/vanilla/vanilla_text/objects/text_slayer.txt
sentence	I am the killer of {s}, {s}!	杀死{s1}的正是我，{s2}！	boast-victim,boast-slain-clause	0x14068f2f0..0x140690060; main speech 0x1404dd6b0/0x1404b987b; SLAYER + victim + full GENERAL/SLAIN_* relative clause 0x14068f8f5..0x14068ff75
sentence	I am the lord of {s}!	我就是{s1}的领主！	boast-victim	0x14068f2f0..0x140690060; main speech 0x1404dd6b0/0x1404b987b; SLAYER text at 0x14068f608, victim 0x14068f7c6, terminal 0x14068ff75; data/vanilla/vanilla_text/objects/text_slayer.txt
sentence	I am the lord of {s}, {s}!	我就是{s1}的领主，{s2}！	boast-victim,boast-slain-clause	0x14068f2f0..0x140690060; main speech 0x1404dd6b0/0x1404b987b; SLAYER + victim + full GENERAL/SLAIN_* relative clause 0x14068f8f5..0x14068ff75
sentence	I am the master of {s}!	我就是{s1}的主人！	boast-victim	0x14068f2f0..0x140690060; main speech 0x1404dd6b0/0x1404b987b; SLAYER text at 0x14068f608, victim 0x14068f7c6, terminal 0x14068ff75; data/vanilla/vanilla_text/objects/text_slayer.txt
sentence	I am the master of {s}, {s}!	我就是{s1}的主人，{s2}！	boast-victim,boast-slain-clause	0x14068f2f0..0x140690060; main speech 0x1404dd6b0/0x1404b987b; SLAYER + victim + full GENERAL/SLAIN_* relative clause 0x14068f8f5..0x14068ff75
sentence	I am the nemesis of {s}!	我就是{s1}的宿敌！	boast-victim	0x14068f2f0..0x140690060; main speech 0x1404dd6b0/0x1404b987b; SLAYER text at 0x14068f608, victim 0x14068f7c6, terminal 0x14068ff75; data/vanilla/vanilla_text/objects/text_slayer.txt
sentence	I am the nemesis of {s}, {s}!	我就是{s1}的宿敌，{s2}！	boast-victim,boast-slain-clause	0x14068f2f0..0x140690060; main speech 0x1404dd6b0/0x1404b987b; SLAYER + victim + full GENERAL/SLAIN_* relative clause 0x14068f8f5..0x14068ff75
sentence	I am the slayer of {s}!	杀死{s1}的正是我！	boast-victim	0x14068f2f0..0x140690060; main speech 0x1404dd6b0/0x1404b987b; SLAYER text at 0x14068f608, victim 0x14068f7c6, terminal 0x14068ff75; data/vanilla/vanilla_text/objects/text_slayer.txt
sentence	I am the slayer of {s}, {s}!	杀死{s1}的正是我，{s2}！	boast-victim,boast-slain-clause	0x14068f2f0..0x140690060; main speech 0x1404dd6b0/0x1404b987b; SLAYER + victim + full GENERAL/SLAIN_* relative clause 0x14068f8f5..0x14068ff75
sentence	I am the vanquisher of {s}!	战胜{s1}的正是我！	boast-victim	0x14068f2f0..0x140690060; main speech 0x1404dd6b0/0x1404b987b; SLAYER text at 0x14068f608, victim 0x14068f7c6, terminal 0x14068ff75; data/vanilla/vanilla_text/objects/text_slayer.txt
sentence	I am the vanquisher of {s}, {s}!	战胜{s1}的正是我，{s2}！	boast-victim,boast-slain-clause	0x14068f2f0..0x140690060; main speech 0x1404dd6b0/0x1404b987b; SLAYER + victim + full GENERAL/SLAIN_* relative clause 0x14068f8f5..0x14068ff75
sentence	I am the murderer of {s}!	谋杀{s1}的正是我！	boast-victim	0x14068f2f0..0x140690060; main speech 0x1404dd6b0/0x1404b987b; SLAYER text at 0x14068f608, victim 0x14068f7c6, terminal 0x14068ff75; data/vanilla/vanilla_text/objects/text_slayer.txt
sentence	I am the murderer of {s}, {s}!	谋杀{s1}的正是我，{s2}！	boast-victim,boast-slain-clause	0x14068f2f0..0x140690060; main speech 0x1404dd6b0/0x1404b987b; SLAYER + victim + full GENERAL/SLAIN_* relative clause 0x14068f8f5..0x14068ff75
sentence	I am the crusher of {s}!	碾碎{s1}的正是我！	boast-victim	0x14068f2f0..0x140690060; main speech 0x1404dd6b0/0x1404b987b; SLAYER text at 0x14068f608, victim 0x14068f7c6, terminal 0x14068ff75; data/vanilla/vanilla_text/objects/text_slayer.txt
sentence	I am the crusher of {s}, {s}!	碾碎{s1}的正是我，{s2}！	boast-victim,boast-slain-clause	0x14068f2f0..0x140690060; main speech 0x1404dd6b0/0x1404b987b; SLAYER + victim + full GENERAL/SLAIN_* relative clause 0x14068f8f5..0x14068ff75
sentence	I am the extinguisher of {s}!	终结{s1}生命的正是我！	boast-victim	0x14068f2f0..0x140690060; main speech 0x1404dd6b0/0x1404b987b; SLAYER text at 0x14068f608, victim 0x14068f7c6, terminal 0x14068ff75; data/vanilla/vanilla_text/objects/text_slayer.txt
sentence	I am the extinguisher of {s}, {s}!	终结{s1}生命的正是我，{s2}！	boast-victim,boast-slain-clause	0x14068f2f0..0x140690060; main speech 0x1404dd6b0/0x1404b987b; SLAYER + victim + full GENERAL/SLAIN_* relative clause 0x14068f8f5..0x14068ff75
sentence	I am the strangler of {s}!	绞杀{s1}的正是我！	boast-victim	0x14068f2f0..0x140690060; main speech 0x1404dd6b0/0x1404b987b; SLAYER text at 0x14068f608, victim 0x14068f7c6, terminal 0x14068ff75; data/vanilla/vanilla_text/objects/text_slayer.txt
sentence	I am the strangler of {s}, {s}!	绞杀{s1}的正是我，{s2}！	boast-victim,boast-slain-clause	0x14068f2f0..0x140690060; main speech 0x1404dd6b0/0x1404b987b; SLAYER + victim + full GENERAL/SLAIN_* relative clause 0x14068f8f5..0x14068ff75
boast-victim	{s}	{s1}	$person	0x14068f2f0..0x140690060; main speech 0x1404dd6b0/0x1404b987b; victim language_name 0x14068f7b8 -> 0x140a946e0
boast-victim	{s}, {s} of {s}	{s3}的{s2}{s1}	$person,$term,$name	0x14068f2f0..0x140690060; main speech 0x1404dd6b0/0x1404b987b; 0x14068f951..0x14068fa28; optional held-office gender name + entity language_name
sentence	{s} STORKIS {s}!	{s1} STORKIS {s2}！	$unit,$person	0x14068f2f0..0x140690060; main speech 0x1404dd6b0/0x1404b987b; nonverbal caste flag +0x6a8; personal name 0x1413e5a90; three cries 0x14068f773/0x14068f782/0x14068f791
sentence	{s} AUGIS {s}!	{s1} AUGIS {s2}！	$unit,$person	0x14068f2f0..0x140690060; main speech 0x1404dd6b0/0x1404b987b; nonverbal caste flag +0x6a8; personal name 0x1413e5a90; three cries 0x14068f773/0x14068f782/0x14068f791
sentence	{s} STRANGUS {s}!	{s1} STRANGUS {s2}！	$unit,$person	0x14068f2f0..0x140690060; main speech 0x1404dd6b0/0x1404b987b; nonverbal caste flag +0x6a8; personal name 0x1413e5a90; three cries 0x14068f773/0x14068f782/0x14068f791
sentence	{s}!	{s1}！	$person	0x14068f2f0..0x140690060; main speech 0x1404dd6b0/0x1404b987b; nonverbal branch without applicable caste flag 0x14068f696..0x14068f7a1; victim name only, no missing words
boast-slain-clause	whose cries for mercy went unheeded by my wrath	对方的求饶声也无法平息我的怒火		0x14068f2f0..0x140690060; main speech 0x1404dd6b0/0x1404b987b; 0x14068fa8a; 0x1406d0950..0x1406d0ad8 selects race/caste SLAIN_SPEECH; data/vanilla/vanilla_text/objects/text_general.txt:7; gender pronoun substitution 0x14068faad..0x14068ff20
boast-slain-clause	whose insignificant name I struggle to recall	对方微不足道的名字，我都快想不起来了		0x14068f2f0..0x140690060; main speech 0x1404dd6b0/0x1404b987b; 0x14068fa8a; 0x1406d0950..0x1406d0ad8 selects race/caste SLAIN_SPEECH; data/vanilla/vanilla_text/objects/text_general.txt:8; gender pronoun substitution 0x14068faad..0x14068ff20
boast-slain-clause	a spineless slug who was crushed under my might	这个没骨气的鼻涕虫被我的力量碾碎了		0x14068f2f0..0x140690060; main speech 0x1404dd6b0/0x1404b987b; 0x14068fa8a; 0x1406d0950..0x1406d0ad8 selects race/caste SLAIN_SPEECH; data/vanilla/vanilla_text/objects/text_general.txt:9; gender pronoun substitution 0x14068faad..0x14068ff20
boast-slain-clause	whom I buried alive under a mountain of hatred	对方被我活埋在山一般的仇恨之下		0x14068f2f0..0x140690060; main speech 0x1404dd6b0/0x1404b987b; 0x14068fa8a; 0x1406d0950..0x1406d0ad8 selects race/caste SLAIN_SPEECH; data/vanilla/vanilla_text/objects/text_general.txt:10; gender pronoun substitution 0x14068faad..0x14068ff20
boast-slain-clause	who lies dead, now only an embarrassing memory	对方已经死了，如今只剩下一段丢人的回忆		0x14068f2f0..0x140690060; main speech 0x1404dd6b0/0x1404b987b; 0x14068fa8a; 0x1406d0950..0x1406d0ad8 selects race/caste SLAIN_SPEECH; data/vanilla/vanilla_text/objects/text_general.txt:11; gender pronoun substitution 0x14068faad..0x14068ff20
boast-slain-clause	who sought my praise, only to be rejected in death	对方渴求我的赞许，到死也没能如愿		0x14068f2f0..0x140690060; main speech 0x1404dd6b0/0x1404b987b; 0x14068fa8a; 0x1406d0950..0x1406d0ad8 selects race/caste SLAIN_SPEECH; data/vanilla/vanilla_text/objects/text_general.txt:12; gender pronoun substitution 0x14068faad..0x14068ff20
boast-slain-clause	once revered by those who didn't know any better	对方曾受那些没见识的人敬仰		0x14068f2f0..0x140690060; main speech 0x1404dd6b0/0x1404b987b; 0x14068fa8a; 0x1406d0950..0x1406d0ad8 selects race/caste SLAIN_SPEECH; data/vanilla/vanilla_text/objects/text_general.txt:13; gender pronoun substitution 0x14068faad..0x14068ff20
boast-slain-clause	who was too short to live	对方矮得不配活着		0x14068f2f0..0x140690060; main speech 0x1404dd6b0/0x1404b987b; 0x14068fa8a; 0x1406d0950..0x1406d0ad8 selects race/caste SLAIN_SPEECH; data/vanilla/vanilla_creatures/objects/text_dwarf.txt:7; gender pronoun substitution 0x14068faad..0x14068ff20
boast-slain-clause	who tunneled away from me like a frightened mole	对方像受惊的鼹鼠一样打洞逃离我		0x14068f2f0..0x140690060; main speech 0x1404dd6b0/0x1404b987b; 0x14068fa8a; 0x1406d0950..0x1406d0ad8 selects race/caste SLAIN_SPEECH; data/vanilla/vanilla_creatures/objects/text_dwarf.txt:8; gender pronoun substitution 0x14068faad..0x14068ff20
boast-slain-clause	who sucked plump helmets like a purring maggot	对方像呼噜蛆一样吮吸肉盔菇		0x14068f2f0..0x140690060; main speech 0x1404dd6b0/0x1404b987b; 0x14068fa8a; 0x1406d0950..0x1406d0ad8 selects race/caste SLAIN_SPEECH; data/vanilla/vanilla_creatures/objects/text_dwarf.txt:9; gender pronoun substitution 0x14068faad..0x14068ff20
boast-slain-clause	whose hammer shattered on the anvil of my power	对方的锤子在我力量的铁砧上碎裂了		0x14068f2f0..0x140690060; main speech 0x1404dd6b0/0x1404b987b; 0x14068fa8a; 0x1406d0950..0x1406d0ad8 selects race/caste SLAIN_SPEECH; data/vanilla/vanilla_creatures/objects/text_dwarf.txt:10; gender pronoun substitution 0x14068faad..0x14068ff20
boast-slain-clause	who was returned to the rock and muck from which it was spawned	对方被送回了孕育其生命的岩石与烂泥之中		0x14068f2f0..0x140690060; main speech 0x1404dd6b0/0x1404b987b; 0x14068fa8a; 0x1406d0950..0x1406d0ad8 selects race/caste SLAIN_SPEECH; data/vanilla/vanilla_creatures/objects/text_dwarf.txt:12; gender pronoun substitution 0x14068faad..0x14068ff20
boast-slain-clause	who was felled like a slender sapling	对方像纤细的树苗一样被砍倒了		0x14068f2f0..0x140690060; main speech 0x1404dd6b0/0x1404b987b; 0x14068fa8a; 0x1406d0950..0x1406d0ad8 selects race/caste SLAIN_SPEECH; data/vanilla/vanilla_creatures/objects/text_elf.txt:7; gender pronoun substitution 0x14068faad..0x14068ff20
boast-slain-clause	whom I sent back to the home-tree as fertilizer	对方被我送回家园树当肥料了		0x14068f2f0..0x140690060; main speech 0x1404dd6b0/0x1404b987b; 0x14068fa8a; 0x1406d0950..0x1406d0ad8 selects race/caste SLAIN_SPEECH; data/vanilla/vanilla_creatures/objects/text_elf.txt:8; gender pronoun substitution 0x14068faad..0x14068ff20
boast-slain-clause	whose fragile bones shattered before the power of my contempt	对方脆弱的骨头在我轻蔑的力量面前粉碎了		0x14068f2f0..0x140690060; main speech 0x1404dd6b0/0x1404b987b; 0x14068fa8a; 0x1406d0950..0x1406d0ad8 selects race/caste SLAIN_SPEECH; data/vanilla/vanilla_creatures/objects/text_elf.txt:9; gender pronoun substitution 0x14068faad..0x14068ff20
boast-slain-clause	who came down from the home-tree and was devoured	对方从家园树上下来，便被吞噬了		0x14068f2f0..0x140690060; main speech 0x1404dd6b0/0x1404b987b; 0x14068fa8a; 0x1406d0950..0x1406d0ad8 selects race/caste SLAIN_SPEECH; data/vanilla/vanilla_creatures/objects/text_elf.txt:10; gender pronoun substitution 0x14068faad..0x14068ff20
boast-slain-clause	who should have stayed in the trees when the real elves came down to fight	真正的精灵下树作战时，对方本该乖乖留在树上		0x14068f2f0..0x140690060; main speech 0x1404dd6b0/0x1404b987b; 0x14068fa8a; 0x1406d0950..0x1406d0ad8 selects race/caste SLAIN_SPEECH; data/vanilla/vanilla_creatures/objects/text_elf.txt:11; gender pronoun substitution 0x14068faad..0x14068ff20
boast-slain-clause	who forged his own doom by challenging me	对方竟敢挑战我，亲手铸就了自己的末日		0x14068f2f0..0x140690060; main speech 0x1404dd6b0/0x1404b987b; 0x14068fa8a; 0x1406d0950..0x1406d0ad8 selects race/caste SLAIN_SPEECH; data/vanilla/vanilla_creatures/objects/text_dwarf.txt:11; gender pronoun substitution 0x14068faad..0x14068ff20
boast-slain-clause	whose tall tales of bravery were all the more embarrassing because of his height	对方那夸大其词的英勇事迹，因其矮小的身高而更显可笑		0x14068f2f0..0x140690060; main speech 0x1404dd6b0/0x1404b987b; 0x14068fa8a; 0x1406d0950..0x1406d0ad8 selects race/caste SLAIN_SPEECH; data/vanilla/vanilla_creatures/objects/text_dwarf.txt:13; gender pronoun substitution 0x14068faad..0x14068ff20
boast-slain-clause	who forged her own doom by challenging me	对方竟敢挑战我，亲手铸就了自己的末日		0x14068f2f0..0x140690060; main speech 0x1404dd6b0/0x1404b987b; 0x14068fa8a; 0x1406d0950..0x1406d0ad8 selects race/caste SLAIN_SPEECH; data/vanilla/vanilla_creatures/objects/text_dwarf.txt:11; gender pronoun substitution 0x14068faad..0x14068ff20
boast-slain-clause	whose tall tales of bravery were all the more embarrassing because of her height	对方那夸大其词的英勇事迹，因其矮小的身高而更显可笑		0x14068f2f0..0x140690060; main speech 0x1404dd6b0/0x1404b987b; 0x14068fa8a; 0x1406d0950..0x1406d0ad8 selects race/caste SLAIN_SPEECH; data/vanilla/vanilla_creatures/objects/text_dwarf.txt:13; gender pronoun substitution 0x14068faad..0x14068ff20
boast-slain-clause	who forged its own doom by challenging me	对方竟敢挑战我，亲手铸就了自己的末日		0x14068f2f0..0x140690060; main speech 0x1404dd6b0/0x1404b987b; 0x14068fa8a; 0x1406d0950..0x1406d0ad8 selects race/caste SLAIN_SPEECH; data/vanilla/vanilla_creatures/objects/text_dwarf.txt:11; gender pronoun substitution 0x14068faad..0x14068ff20
boast-slain-clause	whose tall tales of bravery were all the more embarrassing because of its height	对方那夸大其词的英勇事迹，因其矮小的身高而更显可笑		0x14068f2f0..0x140690060; main speech 0x1404dd6b0/0x1404b987b; 0x14068fa8a; 0x1406d0950..0x1406d0ad8 selects race/caste SLAIN_SPEECH; data/vanilla/vanilla_creatures/objects/text_dwarf.txt:13; gender pronoun substitution 0x14068faad..0x14068ff20
sentence	I've defeated many fearsome opponents!	我击败过许多可怕的对手！		0x14068f2f0..0x140690060; main speech 0x1404dd6b0/0x1404b987b; 0x14069002a; fallback only if 0x140696310 appended no RAW statement
