# Authored Chinese translations for commonly used DFHack help; command names, parameters, and key names remain literal.
DFHack help: In-game DFHack command launcher with integrated help.	游戏内 DFHack 命令启动器，内置帮助信息。	l
DFHack help: This tool is the primary GUI interface for running DFHack commands. You can open it from any screen with the ` hotkey. Tap ` again (or hit "Esc") to close. Users with keyboard layouts that make the ` key difficult (or impossible) to press can use the alternate hotkey of "Ctrl""Shift""D".	这是运行 DFHack 命令的主要图形界面。在任何界面按 ` 即可打开，再按一次 ` 或按 Esc 即可关闭。如果键盘布局不便输入 `，也可以使用 Ctrl+Shift+D。	l
DFHack help: Open the launcher dialog with a blank initial commandline.	打开启动器，命令输入框初始为空。	l
DFHack help: Open the launcher dialog in minimal mode with a blank initial commandline.	以精简模式打开启动器，命令输入框初始为空。	l
DFHack help: Open the launcher dialog with the edit area pre-populated with the given command, ready for modification or running. Tools related to prospect will appear in the autocomplete list, and help text for "prospect" will be displayed in the lower panel.	打开启动器，并将给定命令填入输入框，便于修改或运行。右侧自动补全列表会显示与 prospect 相关的工具，下方面板会显示 prospect 的帮助。	l
DFHack help: Editing and running commands	编辑和运行命令	l
DFHack help: Editing and running commands ----------------------------	编辑和运行命令	l
DFHack help: Enter the command you want to run by typing its name. If you want to start over, "Ctrl""X" will clear the line. When you are happy with the command, hit "Enter" or click on the "run" button to run it. Any output from the command will appear in the lower panel after you run it. If you want to run the command but close the dialog immediately so you can get back to the game, hold down the "Shift" key and click on the "run" button instead. The dialog also closes automatically if you run a command that brings up a new GUI screen. In any case, the command output will also be written to the DFHack terminal console (the separate window that comes up when you start DF) if you need to find it later.	输入要运行的命令名称。按 Ctrl+X 可清空输入框，重新输入。输入完成后，按 Enter 或点击运行按钮；命令输出会显示在下方面板。如果希望运行后立即关闭启动器并返回游戏，可按住 Shift 再点击运行按钮。运行会打开新图形界面的命令时，启动器也会自动关闭。命令输出同时写入 DFHack 终端控制台，也就是启动 DF 时出现的独立窗口，便于之后查阅。	l
DFHack help: If the game was unpaused when you started gui/launcher, you can toggle pause by hit the spacebar once or twice. If you are already typing a command, the first space will go into the edit box for your commandline. If the commandline is empty or already has a space just before the cursor, the space key will be passed through to the game to affect the pause button. If the game was paused when you started gui/launcher, then this behavior is disabled to prevent accidental unpausing.	如果打开 gui/launcher 时游戏仍在运行，按一次或两次 Space 可切换暂停状态。正在输入命令时，第一个空格会输入到命令框中；命令框为空，或光标前已有空格时，Space 会传递给游戏，用于切换暂停。如果打开启动器时游戏已经暂停，则禁用此功能，以免意外恢复游戏运行。	l
DFHack help: If your keyboard layout makes any key impossible to type (such as "[" and "]" on German QWERTZ keyboards), use "Ctrl""Shift""K" to bring up the on-screen keyboard. You can "type" the text you need by clicking on the characters with the mouse and then clicking the "Enter" button to send the text to the launcher editor.	如果键盘布局无法输入某些字符，例如德语 QWERTZ 键盘上的 [ 和 ]，可按 Ctrl+Shift+K 打开屏幕键盘。用鼠标点击所需字符，再点击 Enter 按钮，即可将文字送入启动器的命令输入框。	l
DFHack help: Autocomplete	自动补全	l
DFHack help: Autocomplete ------------	自动补全	l
DFHack help: As you type, autocomplete options for DFHack commands appear in the right column. You can restrict which commands are shown in the autocomplete list by setting the tag filter with "Ctrl""W" or by clicking on the "Tags" button. If the first word of what you've typed matches a valid command, then the autocomplete options switch to showing commands that have similar functionality to the one that you've typed. Click on an autocomplete list option to select it or cycle through them with "Tab" and "Shift""Tab". You can run a command quickly without parameters by double-clicking on the tool name in the list. Holding down shift while you double-click allows you to run the command and close gui/launcher at the same time.	输入时，右侧会显示 DFHack 命令的自动补全候选项。按 Ctrl+W 或点击标签按钮可设置标签筛选，限制显示的命令。如果输入的第一个词已是有效命令，候选列表会改为显示功能相近的命令。点击候选项可选中它，也可按 Tab 或 Shift+Tab 循环选择。双击列表中的工具名称，可立即以无参数方式运行；按住 Shift 双击，则会在运行后同时关闭 gui/launcher。	l
DFHack help: Context-sensitive help and command output	上下文帮助与命令输出	l
DFHack help: Context-sensitive help and command output -----------------------------------------	上下文帮助与命令输出	l
DFHack help: When you start "gui/launcher" without parameters, it shows some useful information in the lower panel about how to get started with DFHack.	不带参数启动 gui/launcher 时，下方面板会显示 DFHack 入门说明。	l
DFHack help: Once you have typed (or autocompleted) a word that matches a valid command, the lower panel shows the help for that command, including usage instructions and examples. You can scroll the help text with the mouse wheel or with "PgUp" and "PgDn". You can also scroll line by line with "Shift""Up" and "Shift""Down".	输入或自动补全出有效命令后，下方面板会显示该命令的帮助，包括用法和示例。可用鼠标滚轮、PgUp 或 PgDn 滚动帮助文字，也可用 Shift+Up 或 Shift+Down 逐行滚动。	l
DFHack help: Once you run a command, the lower panel will switch to command output mode, where you can see any text the command printed to the screen. If you want to see more help text as you browse further commands, you can switch the lower panel back to help mode with "Ctrl""T". The output text is kept for all the commands you run while the launcher window is open (up to 256KB of text), but only the most recent 32KB of text is saved if you dismiss the launcher window and bring it back up. Command output is also printed to the external DFHack console (the one you can show with show on Windows) or the parent terminal on Unix-based systems if you need a longer history of the output.	运行命令后，下方面板会切换到输出模式，显示命令打印的文字。继续浏览其他命令时，可按 Ctrl+T 切回帮助模式。启动器打开期间会保留各命令的输出，最多 256KB；关闭并重新打开后，仅保留最近 32KB。若需查阅更早的输出，可查看外部 DFHack 控制台，Windows 下可用 show 命令显示该窗口；Unix 系统则输出到启动 DFHack 的终端。	l
DFHack help: You can run the clear command or click the "Clear output" button to clear the output scrollback buffer.	运行 clear 命令或点击清空输出按钮，可清除输出面板的历史内容。	l
DFHack help: Command history	命令历史	l
DFHack help: Command history ---------------	命令历史	l
DFHack help: "gui/launcher" keeps a history of commands you have run to let you quickly run those commands again. You can scroll through your command history with the "Up" and "Down" arrow keys. You can also search your history for something specific with the "Alt""S" hotkey. When you hit "Alt""S", start typing to search your history for a match. To find the next match for what you've already typed, hit "Alt""S" again. You can run the matched command immediately with "Enter", or hit "Esc" to edit the command before running it.	gui/launcher 会记录运行过的命令，便于再次运行。按 Up 或 Down 可浏览命令历史。按 Alt+S 后输入文字，可搜索匹配的历史命令；再次按 Alt+S 可查找下一个匹配项。按 Enter 可立即运行匹配的命令，按 Esc 则可先编辑再运行。	l
DFHack help: Default tag filters	默认标签筛选	l
DFHack help: Default tag filters -------------------	默认标签筛选	l
DFHack help: By default, commands intended for developers and modders are filtered out of the autocomplete list. This includes any tools tagged with "unavailable". If you have "mortal mode" enabled in the gui/control-panel preferences, any tools with the "armok" tag are filtered out as well.	默认情况下，自动补全列表会隐藏面向开发者和模组作者的命令，包括带 unavailable 标签的工具。如果在 gui/control-panel 的偏好设置中启用了凡人模式，带 armok 标签的工具也会隐藏。	l
DFHack help: You can toggle this default filtering by hitting "Ctrl""D" to switch into "Dev mode" at any time. You can also adjust your command filters in the "Tags" filter list.	随时按 Ctrl+D 切换开发者模式，即可切换默认筛选。也可在标签筛选列表中调整命令筛选条件。	l
DFHack help: Configure DFHack and manage active DFHack tools.	配置 DFHack 并管理已启用的 DFHack 工具。	l
DFHack help: The DFHack control panel allows you to quickly see and change what DFHack tools are enabled, which tools will run when you start a new fort, which UI overlays are enabled, and how global DFHack configuration options are set. It also provides convenient links to relevant help pages and GUI configuration frontends (where available). The control panel has several sections that you can access by clicking on the tabs at the top of the window. Each tab has a search filter so you can quickly find the tools and options that you're looking for.	DFHack 控制面板可查看和更改已启用的工具、新建要塞时自动运行的工具、已启用的界面叠加组件，以及 DFHack 的全局配置。它还提供相关帮助页面和图形配置界面的快捷入口。点击窗口顶部的标签页可进入各个部分；每页都提供搜索筛选，便于查找工具和选项。	l
DFHack help: The tabs can also be navigated with the keyboard, with the "Ctrl""T" and "Ctrl""Y" hotkeys. These are the default hotkeys for navigating DFHack tab bars.	也可按 Ctrl+T 或 Ctrl+Y 切换标签页。这是 DFHack 标签栏的默认切换快捷键。	l
DFHack help: The "Automation", "Bug Fixes", and "Gameplay" tabs	自动化、错误修复与游戏功能标签页	l
DFHack help: The "Automation", "Bug Fixes", and "Gameplay" tabs --------------------------------------------------	自动化、错误修复与游戏功能标签页	l
DFHack help: These three tabs provide access to the three main subcategories of DFHack tools. In general, you'll probably want to start with only the "Bugfix" tools enabled. As you become more comfortable with vanilla systems, and some of them start to become less fun and more toilsome, you can enable more of the "Automation" tools to manage them for you. Finally, you can examine the tools on the "Gameplay" tab and enable whatever you think sounds like fun :).	这三页包含 DFHack 工具的三个主要类别。刚开始使用时，可以先只启用错误修复工具。熟悉原版系统后，如果某些操作变得繁琐，可逐步启用自动化工具代为管理。最后，可以浏览游戏功能页，启用感兴趣的工具。	l
DFHack help: Under each of these tabs, there are two subtabs: "Enabled" and "Autostart". The subtabs can be navigated with the keyboard, using the "Ctrl""N" and "Ctrl""M" hotkeys.	每个标签页都有已启用和自动启动两个子页，可按 Ctrl+N 或 Ctrl+M 切换。	l
DFHack help: The "Enabled" subtab	已启用子页	l
DFHack help: The "Enabled" subtab ~~~~~~~~~~~~~~~~~~~~	已启用子页	l
DFHack help: The "Enabled" tab allows you to toggle which tools are enabled right now. You can select the tool in the list to see a short description at the bottom. Hit "Enter", double click on the tool name, or click on the toggle on the far left to enable or disable that tool.	已启用页用于控制当前启用的工具。在列表中选择工具后，底部会显示简短说明。按 Enter、双击工具名称或点击最左侧的开关，即可启用或禁用该工具。	l
DFHack help: Note that before a fort is loaded, there will be very few tools listed here. Come back when a fort is loaded to see much more.	尚未载入要塞时，这里只会显示少量工具；载入要塞后，可用工具会明显增多。	l
DFHack help: Once tools are enabled, they will save their state with your fort and automatically re-enable themselves when you load that same fort again.	启用状态会随要塞存档保存。再次载入同一要塞时，这些工具会自动重新启用。	l
DFHack help: You can hit "Ctrl""H" or click on the help icon to show the help page for the selected tool in gui/launcher. You can also use this as shortcut to run custom commandline commands to configure that tool manually. If the tool has an associated GUI config screen, a gear icon will also appear next to the help icon. Hit "Ctrl""G", click on the gear icon, or Shift-double click the tool name to launch the relevant configuration interface.	按 Ctrl+H 或点击帮助图标，可在 gui/launcher 中打开所选工具的帮助，也可从这里输入自定义命令来手动配置工具。如果工具提供图形配置界面，帮助图标旁会显示齿轮图标。按 Ctrl+G、点击齿轮图标，或按住 Shift 双击工具名称，即可打开对应的配置界面。	l
DFHack help: The "Autostart" subtab	自动启动子页	l
DFHack help: The "Autostart" subtab ~~~~~~~~~~~~~~~~~~~~~~	自动启动子页	l
DFHack help: This subtab is organized similarly to the "Enabled" subtab, but instead of tools you can enable now, it shows the tools that you can configure DFHack to auto-enable or auto-run when you start the game or a new fort. You'll recognize many tools from the "Enabled" subtab here, but there are also useful one-time commands that you might want to run at the start of a fort, like ban-cooking all or (if you have "mortal mode" disabled in the "Preferences" tab) god-mode tools like light-aquifers-only.	此页的排列方式与已启用页相似，用于配置游戏启动或新建要塞时自动启用、自动运行的工具。除已启用页中的许多工具外，这里也包含适合在要塞创建时运行一次的命令，例如 ban-cooking all。如果在偏好设置中关闭了凡人模式，还可选择 light-aquifers-only 等神力工具。	l
DFHack help: The "UI Overlays" tab	界面叠加组件标签页	l
DFHack help: The "UI Overlays" tab ---------------------	界面叠加组件标签页	l
DFHack help: DFHack overlays add information and additional functionality to the vanilla DF screens. For example, the popular DFHack Building Planner is an overlay named "buildingplan.planner" that appears when you are building something.	DFHack 的叠加组件会在原版 DF 界面上添加信息和功能。例如，常用的建筑规划器就是名为 buildingplan.planner 的叠加组件，会在放置建筑时显示。	l
DFHack help: The "Overlays" tab allows you to easily see which overlays are enabled, gives you a short description of what each one does, lets you toggle them on and off, and gives you links for the related help text (which is normally added at the bottom of the help page for the tool that provides the overlay). If you want to reposition any of the overlay widgets, hit "Ctrl""G" or click on the the hotkey hint to launch gui/overlay.	叠加组件页可查看各组件的启用状态和简短说明，切换开关，并打开相关帮助；帮助通常位于提供该组件的工具帮助页底部。按 Ctrl+G 或点击快捷键提示可打开 gui/overlay，调整组件在界面中的位置。	l
DFHack help: The "Preferences" tab	偏好设置标签页	l
DFHack help: The "Preferences" tab ---------------------	偏好设置标签页	l
DFHack help: The "Preferences" tab allows you to change DFHack's internal settings and defaults, like whether DFHack's "mortal mode" is enabled -- hiding the god-mode tools from the UI, whether DFHack tools pause the game when they come up, or how long you can take between clicks and still have it count as a double-click. Click on the gear icon or hit "Enter" to toggle or edit the selected preference.	偏好设置页用于调整 DFHack 的内部设置和默认行为，例如是否启用凡人模式并隐藏神力工具、打开 DFHack 工具时是否暂停游戏，以及两次点击之间允许的双击间隔。点击齿轮图标或按 Enter，即可切换或编辑所选设置。	l
DFHack help: Automatically manage dwarf labors.	自动管理矮人的劳动分配。	l
DFHack help: The "autolabor" command runs the plugin's *legacy* engine, which writes the labor matrix directly and bypasses the work detail system. The same plugin also provides the labormanager command, a modern engine that works through the work detail system instead. A third *monitor* mode watches the job board and shows task starvation warnings without managing labors at all. Only one mode can be active at a time; "autolabor mode [legacy|modern|monitor]" or the overlay on the work details screen switches between them, and the selected mode persists across save/load.	autolabor 命令运行插件的传统引擎，直接改写劳动分配表，绕过工作分工系统。同一插件还提供 labormanager 命令，它采用现代引擎，通过工作分工系统管理劳动。第三种监控模式只监视待办工作并提示长期无人执行的任务，不调整劳动分配。同一时间只能启用一种模式。可用 autolabor mode [legacy|modern|monitor] 或工作分工界面上的叠加面板切换，所选模式会随存档保存和恢复。	l
DFHack help: Autolabor attempts to keep as many dwarves as possible busy while allowing dwarves to specialize in specific skills.	Autolabor 尽量让更多矮人有事可做，同时允许他们专精于特定技能。	l
DFHack help: Autolabor frequently checks how many jobs of each type are available and sets labors proportionally in order to get them all done quickly. Labors with equipment -- mining, hunting, and woodcutting -- which are abandoned if labors change mid-job, are handled slightly differently to minimize churn.	Autolabor 会经常统计各类待办工作，按需求比例分配劳动，以尽快完成任务。采矿、狩猎和伐木需要装备；执行期间改变劳动分配会使任务中断，因此会采用稍有不同的分配方式，减少反复切换。	l
DFHack help: Dwarves on active military duty or dwarves assigned to burrows are left untouched by autolabor.	Autolabor 不会更改正在服役或已分配到活动区域的矮人的劳动设置。	l
DFHack help: **This plugin is still being tested. Use at your own risk.**The algorithms that autolabor uses to choose labor assignments have *not* been updated for version 50 of Dwarf Fortress. There is no particular guarantee that the labor assignments autolabor is making are optimal, and it is entirely possible that the assignments it makes will lead to unforeseen consequences. You should monitor what your dwarves are doing, and more importantly not doing, when using autolabor.At this time there is no way to easily see what labors are being assigned to whom, as there is no longer any vanilla means for seeing the labor assignment table. Until manipulator is once again available, probably the best way to see what autolabor is doing is to use Dwarf Therapist. You can also increase autolabor's logging level using the debugfilter command (setting either "debug" or "trace" level for the "cycle" mode) but be warned that this may generate a large amount of console spam, especially in a large fort.When it is enabled in legacy mode, autolabor automatically disables the work detail system. You cannot use legacy autolabor and work details at the same time. The DFHack overlay panel on the work details screen (the same panel that provides the gui/settings-manager save/load buttons) shows the active mode and warns you when legacy mode is preventing changes on that screen from taking effect.Should you disable autolabor or switch to modern mode, the vanilla work detail system is automatically reenabled and all citizens' labors are recomputed from the work details.	此插件仍在测试中，使用风险自行承担。autolabor 的劳动分配算法尚未针对 Dwarf Fortress 50 版更新，不能保证分配最优，也可能产生意外后果。使用时应留意矮人正在执行哪些工作，尤其是哪些工作无人执行。原版目前已无法显示劳动分配表，因此不容易直接看出各项劳动分给了谁。在 manipulator 恢复可用之前，可用 Dwarf Therapist 查看分配情况。也可通过 debugfilter，将 cycle 模式的日志级别设为 debug 或 trace，以获得更多信息；但这可能产生大量控制台输出，尤其是在大型要塞中。传统模式的 autolabor 会自动禁用工作分工系统，两者不能同时使用。工作分工界面的 DFHack 叠加面板，也就是提供 gui/settings-manager 保存与载入按钮的面板，会显示当前模式，并在传统模式使界面更改无法生效时发出提示。禁用 autolabor 或切换到现代模式后，原版工作分工系统会自动恢复，并根据工作分工重新计算所有居民的劳动分配。	l
DFHack help: Anything beyond this is optional - autolabor works well with the default settings. Once you have enabled it in a fortress, it stays enabled until you explicitly disable it, even if you save and reload your game.	其余设置均为可选；autolabor 的默认设置通常就能正常工作。在要塞中启用后，它会保持启用，保存并重新载入游戏也不会关闭，直到你明确禁用它。	l
DFHack help: By default, each labor is assigned to between 1 and 200 dwarves (2-200 for mining). 33% of the workforce become haulers, who handle all hauling jobs as well as cleaning, pulling levers, recovering wounded, removing constructions, and filling ponds. Other jobs are automatically assigned as described above. Each of these settings can be adjusted.	默认每项劳动分配给 1 至 200 名矮人，采矿为 2 至 200 名。33% 的劳动力会成为搬运工，负责所有搬运，以及清洁、拉动杠杆、救助伤员、拆除建造物和给池塘注水。其他工作按上述方式自动分配。这些设置均可调整。	l
DFHack help: Jobs are rarely assigned to nobles with responsibilities for meeting diplomats or merchants, never to the chief medical dwarf, and less often to the bookkeeper and manager.	负责接待外交官或商人的贵族很少会被分配工作；医疗主管不会被分配工作；记账员和经理也会较少承担其他工作。	l
DFHack help: Hunting is never assigned without a butchery, and fishing is never assigned without a fishery.	没有屠宰作坊时不分配狩猎，没有鱼类加工坊时不分配捕鱼。	l
DFHack help: For each labor, a preference order is calculated based on skill, excluding those who can't do the job. Dwarves who are masters of a skill are deprioritized for other skills. The labor is then added to the best <minimum> dwarves for that labor, then to additional dwarfs that meet any of these conditions:	对每项劳动，先排除无法执行的矮人，再按技能计算分配优先顺序。某项技能的专家在分配其他劳动时优先级会降低。先将该劳动分配给最合适的 <minimum> 名矮人，再根据下列任一条件增加人手：	l
DFHack help: * The dwarf is idle and there are no idle dwarves assigned to this labor	• 该矮人空闲，且已分配该劳动的矮人中无人空闲。	l
DFHack help: * The dwarf has non-zero skill associated with the labor	• 该矮人在相关技能上已有经验。	l
DFHack help: * The labor is mining, hunting, or woodcutting and the dwarf currently has it enabled.	• 该劳动为采矿、狩猎或伐木，且该矮人当前已启用它。	l
DFHack help: We stop assigning dwarves when we reach the maximum allowed.	达到人数上限后，停止增加分配。	l
DFHack help: Autolabor uses DFHack's debug functionality to display information about the changes it makes. The amount of information displayed can be controlled through appropriate use of the "debugfilter" command.	Autolabor 使用 DFHack 的调试功能输出劳动分配更改的信息。可用 debugfilter 命令控制输出的详细程度。	l
DFHack help: Keep at least 5 dwarves with mining enabled.	始终为至少 5 名矮人启用采矿。	l
DFHack help: Keep exactly 1 dwarf with gem cutting enabled.	只为 1 名矮人启用宝石切割。	l
DFHack help: Keep 1 dwarf with cooking enabled, selected only from the top 3.	只从烹饪技能最好的 3 名矮人中选择 1 名，启用烹饪。	l
DFHack help: Have haulers feed and water wounded dwarves.	由搬运工为受伤矮人送食物和水。	l
DFHack help: Turn off autolabor for wood cutting.	停止自动管理伐木劳动。	l
DFHack help: Advanced usage	高级用法	l
DFHack help: Advanced usage --------------	高级用法	l
DFHack help: List current status of all labors. Use this command to see the IDs for all labors.	列出所有劳动的当前状态，并查看各劳动的 ID。	l
DFHack help: Show basic status information.	显示基本状态信息。	l
DFHack help: Set range of dwarves assigned to a labor, optionally specifying the size of the pool of most skilled dwarves that will ever be considered for this labor.	设置该劳动的分配人数范围；还可指定候选人才数量，仅从技能最好的这些矮人中分配该劳动。	l
DFHack help: Set a labor to be handled by hauler dwarves.	将某项劳动交给搬运工执行。	l
DFHack help: Turn off autolabor for a specific labor.	停止自动管理指定劳动。	l
DFHack help: Return a labor (or all labors) to the default handling.	将指定劳动或所有劳动恢复为默认分配方式。	l
DFHack help: Show or change which engine runs when the plugin is enabled. Monitor mode performs no labor management; it only watches the job board and reports starving job postings via the DFHack notification panel.	显示或更改插件启用时使用的引擎。监控模式不管理劳动，只监视待办工作，并通过 DFHack 通知面板提示长期无人执行的任务。	l
DFHack help: See autolabor-artisans for a differently-tuned setup.	另一种侧重工匠专精的配置见 autolabor-artisans。	l
DFHack help: Reveal the map.	揭示地图。	l
DFHack help: Revert a revealed map to its unrevealed state.	将已揭示的地图恢复为原先未揭示的状态。	l
DFHack help: Discard records about what was visible before revealing the map.	丢弃揭示地图之前的可见范围记录。	l
DFHack help: Switch between reveal and unreveal.	在 reveal 与 unreveal 之间切换。	l
DFHack help: Hide everything, then reveal tiles with a path to a unit.	先隐藏整张地图，再揭示可通过路径到达某单位的地块。	l
DFHack help: This reveals all z-layers in fort and adventure mode. The effect persists until you run "unreveal".	在要塞模式和冒险模式中揭示所有高度层。效果会持续到运行 unreveal 为止。	l
DFHack help: In graphics mode, solid tiles that are not adjacent to open space will not be rendered, but they can still be examined by hovering over them with the mouse. Switching to ASCII mode (in the game settings) will allow the display of the revealed solid tiles.	图形模式不会绘制未与开放空间相邻的实心地块，但仍可将鼠标移到其上查看信息。在游戏设置中切换为 ASCII 模式后，即可显示这些已揭示的实心地块。	l
DFHack help: For a GUI that auto-restores the map when closed, see gui/reveal.	如需关闭后自动恢复地图的图形界面，请见 gui/reveal。	l
DFHack help: Reveal the whole map. If "hell" is specified, also reveal HFS areas, but you are required to run "unreveal" before unpausing is allowed in order to prevent the demons (or treasures) from spawning. If you really want to unpause with secrets revealed, specify "demon" instead of "hell". Note that unpausing with secrets revealed may result in a flood of announcements about the revealed secrets!	揭示整张地图。指定 hell 时也会揭示 HFS 区域，但为避免生成恶魔或宝藏，必须先运行 unreveal 才能恢复游戏运行。如果确实要在秘密区域已揭示的情况下继续游戏，请使用 demon 代替 hell。注意，这可能产生大量关于已揭示秘密的公告！	l
DFHack help: Reverts the effects of "reveal" if run immediately afterwards. If you have saved the fort in a revealed state and want to restore the map, use "revflood".	紧接 reveal 运行时，可撤销地图揭示效果。如果已经在地图揭示状态下保存要塞，应使用 revflood 恢复地图。	l
DFHack help: Switches between "reveal" and "unreveal". Convenient to bind to a hotkey.	在 reveal 和 unreveal 之间切换，适合绑定快捷键。	l
DFHack help: Discard info about what was visible before revealing the map. Only useful where (for example) you abandoned with the fort revealed and no longer need the saved map data when you load a new fort.	丢弃揭示地图之前的可见范围信息。仅适用于不再需要该记录的情况，例如在地图已揭示时放弃了要塞，随后载入新要塞。	l
DFHack help: Hide everything, then reveal tiles with a path to the keyboard cursor (if enabled) or the selected unit (if a unit is selected) or else a random citizen. This allows repairing maps that you accidentally saved while they were revealed. Note that tiles behind constructed walls are also revealed as a workaround for Bug 1871.	先隐藏整张地图，再揭示可通过路径到达键盘光标的地块；未启用键盘光标时，使用选中的单位；也未选中单位时，使用一名随机居民。这可恢复误在地图已揭示状态下保存的地图。为绕过 Bug 1871，建造墙后方的地块也会被揭示。	l
DFHack help: Caveats	注意事项	l
DFHack help: Caveats -------	注意事项	l
DFHack help: Sometimes, the map generates secret hollows adjacent to caverns in such a way that the ceiling of the hollow collapses on the first tick of the embark, leaving the hollow exposed to the caverns. In this case, the secret event will be triggered as soon as the cavern is discovered and that tile is unhidden. This would happen anyway even if you don't use reveal, but be aware that it is possible to trigger *some* events when you run reveal, even without the "hell" option.	有时地图会在地下洞穴旁生成秘密空腔，其顶板在定居后的第一个时间步就塌落，使空腔与洞穴连通。此时，一旦发现洞穴并揭示该地块，就会触发秘密事件。即使不使用 reveal，这种情况也会发生；因此，即使未指定 hell，运行 reveal 仍可能触发某些事件。	l
DFHack help: When running "unreveal" to restore the map in adventure mode, the vision cone for the adventurer isn't fully restored until the adventurer takes a step.	冒险模式下运行 unreveal 恢复地图后，冒险者必须移动一步，视野范围才会完全恢复。	l
DFHack help: Instantly gather or destroy items marked for dumping.	立即集中或销毁标记为倾倒的物品。	l
DFHack help: Destroy items marked for dumping under the keyboard cursor.	销毁键盘光标所在位置标记为倾倒的物品。	l
DFHack help: Destroy the selected item.	销毁选中的物品。	l
DFHack help: This tool can instantly move all unforbidden items marked for dumping to the tile under the keyboard cursor. After moving the items, the dump flag is unset and the forbid flag is set, just as if it had been dumped normally. See gui/autodump for an interactive version of this tool.	此工具可立即将所有未禁用且标记为倾倒的物品移到键盘光标所在的地块。移动后会取消倾倒标记，并将物品标记为禁用，与正常倾倒的结果相同。交互式图形版本见 gui/autodump。	l
DFHack help: The keyboard cursor can be placed on a floor tile or in the air. If in air, the items will be converted into projectiles and fall. Items cannot be dumped inside of walls.	键盘光标可放在地面或空中。目标在空中时，物品会转为抛射物并下落。无法将物品倾倒到墙体内部。	l
DFHack help: "autodump-destroy-here" is an alias for "autodump destroy-here" and is intended for use as a keybinding.	autodump-destroy-here 是 autodump destroy-here 的别名，便于绑定快捷键。	l
DFHack help: "autodump-destroy-item" marks the currently viewed item for destruction. The pending destruction can be canceled if the command is run again before unpausing, or by running "autodump undestroy".	autodump-destroy-item 将当前查看的物品标记为待销毁。在恢复游戏运行之前，再次运行该命令或运行 autodump undestroy 可取消销毁。	l
DFHack help: Destroy instead of dumping. Doesn't require a cursor. Items held by units (e.g. equipped or in a carried container) are skipped, and the contents of destroyed containers are destroyed along with the container.	直接销毁物品，而非倾倒，无需光标。单位持有的物品会跳过，包括装备及随身容器中的物品；销毁容器时，其内部物品也会一并销毁。	l
DFHack help: Destroy items under the cursor that are marked for dumping.	销毁光标所在位置标记为倾倒的物品。	l
DFHack help: Revert pending destruction of items marked by "destroy", "destroy-here", or "autodump-destroy-item". Only works while the game is still paused; once a frame passes, the items may already be gone.	撤销由 destroy、destroy-here 或 autodump-destroy-item 标记的待执行销毁。仅在游戏仍暂停时有效；游戏运行一帧后，物品可能已被销毁。	l
DFHack help: Only process items that are not hidden.	只处理未隐藏的物品。	l
DFHack help: Only process hidden items.	只处理隐藏的物品。	l
DFHack help: Only process forbidden items (default: only unforbidden).	只处理已禁用的物品；默认只处理未禁用的物品。	l
DFHack help: Teleports unforbidden items marked for dumping to the cursor position.	将未禁用且标记为倾倒的物品瞬间移动到光标位置。	l
DFHack help: Destroys all unforbidden items marked for dumping.	销毁所有未禁用且标记为倾倒的物品。	l
DFHack help: Destroys all forbidden items marked for dumping, skipping unforbidden items.	销毁所有已禁用且标记为倾倒的物品，跳过未禁用物品。	l
DFHack help: Destroys unforbidden items on the selected tile that are marked for dumping.	销毁所选地块上未禁用且标记为倾倒的物品。	l
DFHack help: Destroys the item currently being viewed, or reverts its pending destruction.	销毁当前查看的物品，或撤销其待执行销毁。	l
DFHack help: Reverts pending destruction of all marked items.	撤销所有已标记物品的待执行销毁。	l
DFHack help: Provides commands that help you analyze natural resources.	提供分析自然资源的命令。	l
DFHack help: Shows a summary of resources that exist on the map.	显示地图上的资源汇总。	l
DFHack help: It can also calculate an estimate of resources available in the currently highlighted embark area.	还可估算当前选中定居区域内的可用资源。	l
DFHack help: By default, only the visible part of the map is scanned. Include the "all" keyword if you want "prospect" to scan the whole map as if it were revealed. Use "hell" instead of "all" if you also want to see the Z range of HFS tubes in the 'features' report section.	默认只扫描地图中已可见的部分。添加 all 可让 prospect 扫描整张地图，包括尚未揭示的区域。如果还想在 features 报告部分看到 HFS 管道的高度范围，请用 hell 代替 all。	l
DFHack help: Shows the entire report for the entire map.	显示整张地图的完整资源报告。	l
DFHack help: Shows only the layers, ores, and other vein stone report sections, and includes information on HFS tubes (if run on a fortress map and not the pre-embark screen).	只显示岩层、矿石和其他矿脉石材部分；在要塞地图中运行时还会包含 HFS 管道信息，在定居前界面运行时则不包含。	l
DFHack help: Show only information about ores for the pre-embark or fortress map report.	只显示定居前区域或要塞地图的矿石信息。	l
DFHack help: Shows only the named comma-separated list of report sections. Report section names are: summary, liquids, layers, features, ores, gems, veins, shrubs, and trees. If run during pre-embark, only the layers, ores, gems, and veins report sections are available.	只显示指定的报告部分，多个名称用逗号分隔。可用名称为 summary（汇总）、liquids（液体）、layers（岩层）、features（地形特征）、ores（矿石）、gems（宝石）、veins（矿脉）、shrubs（灌木）和 trees（树木）。在定居前运行时，只有 layers、ores、gems 和 veins 可用。	l
DFHack help: Includes material value in the output. Most useful for the 'gems' report section.	在输出中包含材料价值，尤其适用于 gems 宝石报告部分。	l
DFHack help: Pre-embark estimate	定居前资源估算	l
DFHack help: Pre-embark estimate -------------------	定居前资源估算	l
DFHack help: If prospect is called during the embark selection screen, it displays an estimate of layer stone availability. If the "all" keyword is specified, it also estimates ores, gems, and vein material. The estimate covers all tiles of the embark rectangle.	在选择定居地点的界面运行 prospect，会估算各岩层的石材数量。指定 all 时，还会估算矿石、宝石和矿脉材料。估算范围覆盖定居矩形内的所有地块。	l
DFHack help: The results of pre-embark prospect are an *estimate*, and can at best be expected to be somewhere within +/- 30% of the true amount; sometimes it does a lot worse. In particular, it is not clear how to precisely compute how many soil layers there will be in a given embark tile, so it can report a whole extra layer, or omit one that is actually present.	定居前的 prospect 结果只是估算值；即使较理想，也可能与实际数量相差约 ±30%，有时误差还会更大。尤其是无法精确计算某个定居地块中的土壤层数，因此可能多报一整层，也可能漏报实际存在的一层。	l
DFHack help: Display help about a command or plugin.	显示命令或插件的帮助。	l
DFHack help: Can also be invoked as "?" or "man" (short for "manual").	也可使用 ? 或 man，后者是 manual 的缩写。	l
DFHack help: Both examples above will display the help text for the blueprint command.	以上两个示例都会显示 blueprint 命令的帮助。	l
DFHack help: Some commands also take "help" or "?" as an option on their command line for the same effect -- e.g. "blueprint help".	某些命令也支持添加 help 或 ? 参数来显示帮助，例如 blueprint help。	l
DFHack help: List the categories of DFHack tools or the tools with those tags.	列出 DFHack 工具的分类标签，或带指定标签的工具。	l
DFHack help: DFHack tools are labeled with tags so you can find groups of related commands. This builtin command lists the tags that you can explore, or, if called with the name of a tag, lists the tools that have that tag.	DFHack 工具通过标签分类，方便查找相关命令。此内置命令可列出所有标签；指定标签名称时，则列出带有该标签的工具。	l
DFHack help: List the categories of DFHack tools and a description of those categories.	列出 DFHack 工具的分类及各分类的说明。	l
DFHack help: List the tools that are tagged with the given tag.	列出带指定标签的工具。	l
DFHack help: List the defined tags.	列出已定义的标签。	l
DFHack help: List all the tools that have the "design" tag.	列出所有带 design 标签的工具。	l
DFHack help: List available DFHack commands.	列出可用的 DFHack 命令。	l
DFHack help: In order to group related commands, each command is associated with a list of tags. You can filter the listed commands by a tag or a substring of the command name. Can also be invoked as "dir".	每条命令都关联一组标签，用于归类相关命令。可按标签或命令名称中的部分文字筛选，也可使用 dir 调用此命令。	l
DFHack help: Lists all available commands and the tags associated with them.	列出所有可用命令及其关联标签。	l
DFHack help: Shows only commands that have the given tag. Use the tags command to see the list of available tags.	只显示带指定标签的命令。使用 tags 命令可查看可用标签。	l
DFHack help: Shows commands that include the given string. E.g. "ls quick" will show all the commands with "quick" in their names. If the string is also the name of a tag, then it will be interpreted as a tag name.	显示名称包含指定文字的命令。例如，ls quick 会显示名称中带 quick 的所有命令。如果这段文字也是标签名称，则按标签筛选。	l
DFHack help: List all commands that match the substring "quick".	列出名称包含 quick 的所有命令。	l
DFHack help: List all commands with the "adventure" tag.	列出所有带 adventure 标签的命令。	l
DFHack help: List all commands, including developer and modding commands, that match the substring "trigger".	列出名称包含 trigger 的所有命令，包括面向开发者和模组作者的命令。	l
DFHack help: Don't print out the tags associated with each command.	不显示命令关联的标签。	l
DFHack help: Include commands intended for developers and modders.	包含面向开发者和模组作者的命令。	l
DFHack help: Exclude commands that match any of the given strings.	排除名称匹配任一指定文字的命令。	l
# Control panel registry descriptions, preference labels, and display names. Command identifiers remain literal.
DFHack help: Enable if you usually want to raise geese.	如果通常要饲养鹅，可启用此项。	l
DFHack help: Enable if you usually want to raise turkeys.	如果通常要饲养火鸡，可启用此项。	l
DFHack help: Enable if you usually want to raise chickens.	如果通常要饲养鸡，可启用此项。	l
DFHack help: Enable if you usually want to raise peafowl.	如果通常要饲养孔雀，可启用此项。	l
DFHack help: Enable if you usually farm pig tails for the clothing industry.	如果通常种植猪尾草供制衣使用，可启用此项。	l
DFHack help: Automatically assign labors. Runs in the mode selected on the work details screen or with the mode command (legacy autolabor, modern labormanager, or starvation-only monitor).	自动分配劳动。使用工作分工界面或 mode 命令选定的模式：传统 autolabor、现代 labormanager，或仅防饥饿监控。	l
DFHack help: Automatically milk creatures that are ready for milking.	自动为可以挤奶的动物安排挤奶。	l
DFHack help: Automatically shear creatures that are ready for shearing.	自动为可以剪毛的动物安排剪毛。	l
DFHack help: Automatically assign units with training needs to training squads.	自动将需要训练的单位编入训练小队。	l
DFHack help: Enable if you usually don't want to use boulders for construction.	如果通常不想用石块建造，可启用此项。	l
DFHack help: Enable if you usually don't want to use logs for construction.	如果通常不想用原木建造，可启用此项。	l
DFHack help: Encourage dwarves to discard tattered clothing at the dump when there is new available clothing.	有新衣可穿时，促使矮人把破烂衣物丢到垃圾堆。	l
DFHack help: Drop tattered clothing, but don't mark it for dumping. Pairs well with tailor and tailor confiscate false.	脱下破烂衣物，不标记为倾倒。适合搭配 tailor 和 tailor confiscate false 使用。	l
DFHack help: Go to the Standing Orders tab in the Labor screen to save your current settings.	在劳动界面的常规命令标签页保存当前设置。	l
DFHack help: Go to the Work Details tab in the Labor screen to save your current definitions.	在劳动界面的工作分工标签页保存当前分工定义。	l
DFHack help: Automatically assign trainers to partially trained livestock so they don't revert to wild.	自动给尚未完全驯服的牲畜安排驯兽员，防止重新野化。	l
DFHack help: Sort manager orders by repeat frequency so one-time orders can be completed.	按重复频率排序生产订单，让一次性订单也能完成。	l
DFHack help: Enable if you don't want old clothes to be dumped. Pairs well with cleanowned-nodump.	如果不想倾倒旧衣，可启用此项。适合搭配 cleanowned-nodump 使用。	l
DFHack help: Prevents adamantine clothing from wearing out while being worn.	防止精金衣物在穿着时磨损。	l
DFHack help: Allows items crafted from organic materials to wear out over time.	使有机材料制品随时间逐渐磨损。	l
DFHack help: Fix units still being assigned to burrows after death.	修复单位死后仍被分配到活动区域的问题。	l
DFHack help: Allow discarded water buckets and clogged wells to be used again.	使被弃置的水桶和堵塞的水井恢复可用。	l
DFHack help: Make abandoned full wheelbarrows usable again.	使被遗弃的满载手推车恢复可用。	l
DFHack help: Prevent dwarves from getting stuck and refusing to work.	防止矮人陷入停滞状态而拒绝工作。	l
DFHack help: Fixes instances of units claiming the same item or an item they don't own.	修复多个单位占有同一物品，或单位占有不属于自己物品的问题。	l
DFHack help: Displays flask contents in the item name, similar to barrels and bins.	在水壶名称中显示其内容，类似桶和箱的显示方式。	l
DFHack help: Displays titles for books instead of a material description.	书籍显示书名，不再只显示材料描述。	l
DFHack help: Fixes reactions not producing gloves in sets with correct handedness.	修复生产配方无法正确产出左右成对手套的问题。	l
DFHack help: Ensure that your maps have no more than 2 layers of aquifer.	使地图上的含水层不超过两层。	l
DFHack help: Combine partial stacks in stockpiles into full stacks.	将储物区中零散的物品堆合并为满堆。	l
DFHack help: Enable if you want deteriorate to run on all supported categories instead of just corpses.	启用后，deteriorate 会处理所有支持的物品类别，而不只处理尸体。	l
DFHack help: Enable if you want to speed item deterioration up so they take less than a month to rot away.	启用后加快物品腐朽速度，使其在不到一个月内腐朽消失。	l
DFHack help: Enable if you want to slow item deterioration down so they take about a year to rot away.	启用后减慢物品腐朽速度，使其约一年后腐朽消失。	l
DFHack help: Displays an indicator on fertile eggs.	给已受精的蛋显示标记。	l
DFHack help: Improves temperature update performance.	提升温度更新的运行效率。	l
DFHack help: Invalidates all work orders once a month, allowing conditions to be rechecked.	每月重置所有生产订单的条件判定，促使重新检查条件。	l
DFHack help: Displays percentages on partially-consumed items like hospital cloth.	对医院用布等已部分消耗的物品显示剩余百分比。	l
DFHack help: Fixes metal duplication exploits by setting the melt return for all items to ~95%, reduced by 10% for each wear level.	将所有物品的熔炼回收率设为约 95%，每级磨损再降 10%，防止利用熔炼复制金属。	l
DFHack help: Automatically butcher excess livestock.	自动屠宰超过目标数量的牲畜。	l
DFHack help: Auto-harvest trees when low on stockpiled logs.	原木库存不足时自动标记树木进行砍伐。	l
DFHack help: Schedule cheese making jobs based on milk reserves.	根据奶的储量安排制作奶酪。	l
DFHack help: Automatically manage clothing work orders.	自动管理衣物生产订单。	l
DFHack help: Automatically manage clothing work orders	自动管理衣物生产订单。	l
DFHack help: Automatically manage farm crop selection.	自动为农田选择种植作物。	l
DFHack help: Auto-manage fishing labors to control your stock of fish.	自动管理捕鱼劳动，控制鱼类库存。	l
DFHack help: Auto-assign egg-laying adult female pets to nestbox zones.	自动将成年雌性产卵动物分配到巢箱区域。	l
DFHack help: Auto-assign egg-laying female pets to nestbox zones.	自动将雌性产卵动物分配到巢箱区域。	l
DFHack help: Automatically engrave slabs for ghostly citizens.	自动为变成幽灵的居民雕刻纪念石板。	l
DFHack help: Protect useful items from being cooked.	禁止烹饪有其他重要用途的物品。	l
DFHack help: Automatically allocate new z-levels of sky.	自动在地图顶部增设天空层。	l
DFHack help: Protect fertile eggs incubating in a nestbox.	保护巢箱中正在孵化的受精蛋，防止被取走。	l
DFHack help: Automatically boost the priority of important job types.	自动提高重要工作类型的优先级。	l
DFHack help: Manages seed and plant cooking based on seed stock levels.	根据种子库存管理种子与植物的烹饪许可。	l
DFHack help: Automatically toggle seed cooking based on quantity available.	根据种子现有数量自动切换烹饪许可。	l
DFHack help: Queue manager jobs based on free space in stockpiles.	根据储物区的空余容量安排生产订单。	l
DFHack help: Intelligently suspend and unsuspend jobs.	智能暂停工作并恢复被暂停的工作。	l
DFHack help: Automatically keep your dwarves in fresh clothing.	自动为矮人补充新衣并更换破衣。	l
DFHack help: Removes unusable liquids from caravan manifests.	从商队货单中移除无法使用的液体。	l
DFHack help: Fixes unengravable corrupted tiles so they are able to be engraved.	修复损坏而无法雕刻的地块，使其恢复可雕刻。	l
DFHack help: Fix nicknames being erased or not displayed.	修复昵称被抹除或不显示的问题。	l
DFHack help: Allow bugged instruments to be interacted with again.	修复卡住的乐器，使其恢复可搬运和使用。	l
DFHack help: Allow squads and messengers to rescue lost squads.	允许返回的小队和信使沿途救回迷失的小队。	l
DFHack help: Prevent dwarves from getting stuck in Worship! states.	防止矮人一直陷于“祈祷！”状态。	l
DFHack help: Allow bugged written materials to be interacted with again.	修复卡住的书籍、书帖和卷轴，使其恢复可搬运和使用。	l
DFHack help: Prevents NOEXERT units from getting tired when training.	防止带 NOEXERT 标记的单位因训练而疲倦。	l
DFHack help: Moves stuck wildlife off the map so new waves can enter.	将卡住的野生动物移出地图，使新的动物群能够进入。	l
DFHack help: Preserve tomb assignments when assigned units die.	单位死后保留其陵墓分配。	l
DFHack help: Make agitated wildlife and cavern invasions less persistent.	减少躁动野生动物和洞穴入侵的持续骚扰。	l
DFHack help: Cause corpses, clothes, and/or food to rot away over time.	使尸体、衣物和食物逐渐腐朽消失。	l
DFHack help: Allow animals to be treated at hospitals.	允许在医院治疗动物。	l
DFHack help: Allow dwarves to emigrate from the fortress when stressed.	允许压力过大的矮人迁离要塞。	l
DFHack help: Citizens walk fast and and finish jobs instantly.	居民快速移动并瞬间完成工作。	l
DFHack help: Go it alone in your fortress and attempt the hermit challenge.	阻止外来访客进入要塞，进行隐士挑战。	l
DFHack help: Hide new fort tutorial popups.	隐藏新要塞的教程弹窗。	l
DFHack help: Allow immortals to satisfy their cravings for food and drink.	允许不朽者满足进食和饮酒的欲望。	l
DFHack help: Change heavy and varied aquifers to light aquifers.	将重度或混合含水层改为轻度含水层。	l
DFHack help: Make citizens more miserable.	增加居民的负面感受，提高维持幸福的难度。	l
DFHack help: Limit the maximum size of migrant waves.	限制每批移民的最大人数。	l
DFHack help: Prevent infinite accumulation of roaming undead.	防止游荡的不死生物无限累积。	l
DFHack help: Fix FPS death.	调整模拟速度，缓解要塞后期的帧率崩溃。	l
DFHack help: Reduce the time that dwarves idle after completing a job.	缩短矮人完成工作后的闲逛时间。	l
DFHack help: Report on dwarf preferences and efficiency.	显示矮人的偏好和工作效率。	l
DFHack help: Mortal mode: hide "armok" tools	凡人模式：隐藏 armok 工具	l
DFHack help: DFHack searches full text	DFHack 使用全文搜索	l
DFHack help: Hide console on startup (MS Windows only)	启动时隐藏控制台（仅 Windows）	l
DFHack help: DFHack tools autopause game	DFHack 工具自动暂停游戏	l
DFHack help: Large number formatting	大数显示格式	l
DFHack help: Intercept handled hotkeys	拦截已处理的快捷键	l
DFHack help: Mouse double click speed (ms)	鼠标双击间隔（毫秒）	l
DFHack help: Mouse scroll repeat delay (ms)	鼠标连续滚动间隔（毫秒）	l
DFHack help: Mouse initial scroll repeat delay (ms)	鼠标连续滚动初始延迟（毫秒）	l
DFHack help: Don't show tools that give you god-like powers wherever DFHack tools are listed.	所有 DFHack 工具列表都隐藏赋予神一般能力的工具。	l
DFHack help: When searching, whether to match anywhere in the text (true) or just at the start of words (false).	搜索时匹配文字中的任意位置（true），或仅匹配单词开头（false）。	l
DFHack help: Hide the external DFHack terminal window on startup. Use the "show" command to unhide it.	启动时隐藏外部 DFHack 终端窗口。使用 show 命令可重新显示。	l
DFHack help: Always pause the game when a DFHack tool window is shown (you can still unpause afterwards).	打开 DFHack 工具窗口时自动暂停游戏，之后仍可恢复运行。	l
DFHack help: Number formatting style for DFHack tool UIs.	DFHack 工具界面的数字显示格式。	l
DFHack help: Prevent key events handled by DFHack windows from also affecting the vanilla widgets.	防止 DFHack 窗口已处理的按键同时影响原版界面的控件。	l
DFHack help: How long to wait for the second click of a double click, in ms.	双击时等待第二次点击的最长间隔，单位为毫秒。	l
DFHack help: The delay between events when holding the mouse button down on a scrollbar, in ms.	按住滚动条时，两次连续滚动之间的间隔，单位为毫秒。	l
DFHack help: The delay before scrolling quickly when holding the mouse button down on a scrollbar, in ms.	按住滚动条后，开始快速连续滚动前的等待时间，单位为毫秒。	l
DFHack help: None (ex: 1234567)	无格式（例：1234567）	l
DFHack help: English (ex: 1,234,567)	英文格式（例：1,234,567）	l
DFHack help: System locale	系统区域格式	l
DFHack help: SI suffix (ex: 1.23M)	国际单位前缀（例：1.23M）	l
DFHack help: Scientific (ex: 1.2e+06)	科学计数法（例：1.2e+06）	l
DFHack GUI Control tool: autobutcher	自动屠宰（autobutcher）	l
DFHack GUI Control tool: autobutcher target 10 10 14 2 BIRD_GOOSE	饲养鹅（autobutcher target 10 10 14 2 BIRD_GOOSE）	l
DFHack GUI Control tool: autobutcher target 10 10 14 2 BIRD_TURKEY	饲养火鸡（autobutcher target 10 10 14 2 BIRD_TURKEY）	l
DFHack GUI Control tool: autobutcher target 10 10 14 2 BIRD_CHICKEN	饲养鸡（autobutcher target 10 10 14 2 BIRD_CHICKEN）	l
DFHack GUI Control tool: autobutcher target 10 10 14 2 BIRD_PEAFOWL_BLUE	饲养孔雀（autobutcher target 10 10 14 2 BIRD_PEAFOWL_BLUE）	l
DFHack GUI Control tool: autochop	自动伐木（autochop）	l
DFHack GUI Control tool: autocheese	自动制作奶酪（autocheese）	l
DFHack GUI Control tool: autoclothing	自动衣物订单（autoclothing）	l
DFHack GUI Control tool: autofarm	自动种植（autofarm）	l
DFHack GUI Control tool: autofarm threshold 150 grass_tail_pig	猪尾草目标库存 150（autofarm threshold 150 grass_tail_pig）	l
DFHack GUI Control tool: autofish	自动捕鱼（autofish）	l
DFHack GUI Control tool: autolabor	自动分配劳动（autolabor）	l
DFHack GUI Control tool: automilk	自动挤奶（automilk）	l
DFHack GUI Control tool: autonestbox	自动分配巢箱（autonestbox）	l
DFHack GUI Control tool: autoshear	自动剪毛（autoshear）	l
DFHack GUI Control tool: autoslab	自动雕刻纪念石板（autoslab）	l
DFHack GUI Control tool: autotraining	自动安排训练（autotraining）	l
DFHack GUI Control tool: ban-cooking all	保护烹饪原料（ban-cooking all）	l
DFHack GUI Control tool: buildingplan set boulders false	建造不用石块（buildingplan set boulders false）	l
DFHack GUI Control tool: buildingplan set logs false	建造不用原木（buildingplan set logs false）	l
DFHack GUI Control tool: cleanowned	丢弃破衣（cleanowned）	l
DFHack GUI Control tool: cleanowned-nodump	脱下破衣不倾倒（cleanowned-nodump）	l
DFHack GUI Control tool: gui/settings-manager load-standing-orders	载入常规命令（gui/settings-manager load-standing-orders）	l
DFHack GUI Control tool: gui/settings-manager load-work-details	载入工作分工（gui/settings-manager load-work-details）	l
DFHack GUI Control tool: infinite-sky	无限天空层（infinite-sky）	l
DFHack GUI Control tool: logistics enable autoretrain	自动重新驯养（logistics enable autoretrain）	l
DFHack GUI Control tool: nestboxes	保护巢箱受精蛋（nestboxes）	l
DFHack GUI Control tool: orders-sort	排序生产订单（orders-sort）	l
DFHack GUI Control tool: prioritize	提高重要工作优先级（prioritize）	l
DFHack GUI Control tool: seedwatch	保护种子库存（seedwatch）	l
DFHack GUI Control tool: stockflow	按储物容量安排生产（stockflow）	l
DFHack GUI Control tool: suspendmanager	智能管理暂停工作（suspendmanager）	l
DFHack GUI Control tool: tailor	自动补充新衣（tailor）	l
DFHack GUI Control tool: tailor confiscate false	保留旧衣不倾倒（tailor confiscate false）	l
DFHack GUI Control tool: adamantine-cloth-wear	精金衣物不磨损（adamantine-cloth-wear）	l
DFHack GUI Control tool: craft-age-wear	有机制品自然磨损（craft-age-wear）	l
DFHack GUI Control tool: fix/blood-del	移除商队无用液体（fix/blood-del）	l
DFHack GUI Control tool: fix/dead-units	清理死者区域分配（fix/dead-units）	l
DFHack GUI Control tool: fix/dry-buckets	修复水桶和水井（fix/dry-buckets）	l
DFHack GUI Control tool: fix/empty-wheelbarrows	清空卡住的手推车（fix/empty-wheelbarrows）	l
DFHack GUI Control tool: fix/engravings	修复无法雕刻的地块（fix/engravings）	l
DFHack GUI Control tool: fix/general-strike	解除矮人停工（fix/general-strike）	l
DFHack GUI Control tool: fix/ownership	修复物品所有权（fix/ownership）	l
DFHack GUI Control tool: fix/protect-nicks	保护昵称（fix/protect-nicks）	l
DFHack GUI Control tool: fix/stuck-instruments	修复卡住的乐器（fix/stuck-instruments）	l
DFHack GUI Control tool: fix/stuck-squad	救回迷失的小队（fix/stuck-squad）	l
DFHack GUI Control tool: fix/stuck-worship	修复祈祷停滞（fix/stuck-worship）	l
DFHack GUI Control tool: fix/stuck-written-materials	修复卡住的书籍（fix/stuck-written-materials）	l
DFHack GUI Control tool: fix/noexert-exhaustion	修复不朽者训练疲倦（fix/noexert-exhaustion）	l
DFHack GUI Control tool: fix/wildlife	移出卡住的野生动物（fix/wildlife）	l
DFHack GUI Control tool: flask-contents	显示水壶内容（flask-contents）	l
DFHack GUI Control tool: named-codices	显示书名（named-codices）	l
DFHack GUI Control tool: preserve-tombs	保留陵墓分配（preserve-tombs）	l
DFHack GUI Control tool: reaction-gloves	修复左右手套配对（reaction-gloves）	l
DFHack GUI Control tool: agitation-rebalance	平衡自然躁动（agitation-rebalance）	l
DFHack GUI Control tool: aquifer drain --all --skip-top 2	含水层最多两层（aquifer drain --all --skip-top 2）	l
DFHack GUI Control tool: combine	合并物品堆（combine）	l
DFHack GUI Control tool: deteriorate	物品自然腐朽（deteriorate）	l
DFHack GUI Control tool: deteriorate enable all	全部物品类别腐朽（deteriorate enable all）	l
DFHack GUI Control tool: deteriorate frequency 0.15 all	腐朽速度：不到一个月（deteriorate frequency 0.15 all）	l
DFHack GUI Control tool: deteriorate frequency 3 all	腐朽速度：约一年（deteriorate frequency 3 all）	l
DFHack GUI Control tool: dwarfvet	兽医治疗（dwarfvet）	l
DFHack GUI Control tool: eggs-fertile	标记受精蛋（eggs-fertile）	l
DFHack GUI Control tool: emigration	允许居民迁离（emigration）	l
DFHack GUI Control tool: fast-heat	加速温度更新（fast-heat）	l
DFHack GUI Control tool: fastdwarf	矮人瞬间工作（fastdwarf）	l
DFHack GUI Control tool: hermit	隐士挑战（hermit）	l
DFHack GUI Control tool: hide-tutorials	隐藏教程（hide-tutorials）	l
DFHack GUI Control tool: immortal-cravings	满足不朽者食欲（immortal-cravings）	l
DFHack GUI Control tool: light-aquifers-only	仅保留轻度含水层（light-aquifers-only）	l
DFHack GUI Control tool: misery	增加居民痛苦（misery）	l
DFHack GUI Control tool: orders-reevaluate	每月重查订单条件（orders-reevaluate）	l
DFHack GUI Control tool: partial-items	显示物品剩余百分比（partial-items）	l
DFHack GUI Control tool: pop-control	控制移民人数（pop-control）	l
DFHack GUI Control tool: realistic-melting	真实熔炼回收率（realistic-melting）	l
DFHack GUI Control tool: starvingdead	不死生物衰朽（starvingdead）	l
DFHack GUI Control tool: timestream	缓解后期帧率崩溃（timestream）	l
DFHack GUI Control tool: work-now	缩短工作间歇（work-now）	l
# Control panel overlay descriptions and registered widget display names from installed DFHack Lua sources.
DFHack help: Adds a link to launch the animal assignment UI to pastures and ponds.	在牧场和池塘界面添加动物分配入口。	l
DFHack help: Adds a link to launch the animal assignment UI to cages and chains.	在笼子和锁链界面添加动物分配入口。	l
DFHack help: Adds a button to retire unneeded locations to the location details screen.	在场所详情界面添加撤销闲置场所的按钮。	l
DFHack help: Add options to tamed animals view sheet.	在驯服动物的详情面板中添加操作选项。	l
DFHack help: Monitors irritation and shows chances of invasion.	监控自然躁动程度并显示入侵概率。	l
DFHack help: Adds keywords to conversation entries.	为对话条目添加关键词。	l
DFHack help: Skip combat animations and announcements with a click or key press.	点击或按键即可跳过战斗动画与通知。	l
DFHack help: Detects dangerous actions and prompts with confirmation dialogs.	识别危险操作并弹出确认对话框。	l
DFHack help: Adds toggle to pets screen for autoretraining partially trained pets.	在动物界面添加开关，自动重新训练尚未完全驯服的动物。	l
DFHack help: Adds information to suspended building panels about why it is suspended.	在暂停施工的建筑面板中显示暂停原因。	l
DFHack help: Adds a link to suspended building panels for enabling suspendmanager.	在暂停施工的建筑面板中添加 suspendmanager 启用入口。	l
DFHack help: Annotates suspended buildings with a visible marker.	给暂停施工的建筑显示醒目标记。	l
DFHack help: Adds productivity actions to the stocks page.	在库存界面添加便捷操作。	l
DFHack help: Shows a panel when a stockpile is selected for stockpile automation.	选择储物区时显示自动化设置面板。	l
DFHack help: Shows a panel when minecart route stop conditions are being edited.	编辑矿车路线的站点条件时显示设置面板。	l
DFHack help: Shows whether a zone has been reserved for a unit or role.	显示区域是否已为某个单位或职位预留。	l
DFHack help: Adds flood fill and 3D box select functionality to burrow designations.	为活动区域划定添加连通填充和三维框选功能。	l
DFHack help: Show DFHack version number and quick links on the DF title page.	在游戏标题界面显示 DFHack 版本号和快捷入口。	l
DFHack help: Shows the DFHack logo context menu button on most screens.	在大多数界面显示带 DFHack 标志的快捷菜单按钮。	l
DFHack help: Shows the DFHack logo context menu button on the embark and new game screens.	在定居和新建游戏界面显示 DFHack 快捷菜单按钮。	l
DFHack help: Shows the DFHack logo context menu button on the legends screen.	在传奇界面显示 DFHack 快捷菜单按钮。	l
DFHack help: Shows the DFHack logo context menu button on adventure mode screens.	在冒险模式界面显示 DFHack 快捷菜单按钮。	l
DFHack help: Shows the DFHack logo context menu button on the new adventure screen.	在新建冒险界面显示 DFHack 快捷菜单按钮。	l
DFHack help: Adds import, export, and other functions to the manager orders screen.	在生产订单界面添加导入、导出等功能。	l
DFHack help: Adds a button to the work order details page to tell the manager to recheck conditions.	在生产订单详情页添加按钮，让管理者重新检查订单条件。	l
DFHack help: Adds a UI to the Workers tab for vanilla workshop labor restrictions.	在工人标签页添加界面，设置原版工坊的劳动限制。	l
DFHack help: When adjusting condition details, makes right click cancel selection instead of exiting.	编辑条件详情时，右键取消选择并保留当前界面。	l
DFHack help: When adjusting condition quantities, makes right click cancel selection instead of exiting.	编辑条件数量时，右键取消选择并保留当前界面。	l
DFHack help: When adjusting order quantity details, makes right click cancel selection instead of exiting.	编辑订单数量详情时，右键取消选择并保留当前界面。	l
DFHack help: Adds a search box to find and navigate to matching manager orders.	添加搜索框，查找并跳转到匹配的生产订单。	l
DFHack help: Displays and adjusts stockflow work order settings for the selected stockpile.	显示并调整当前储物区的 stockflow 生产订单设置。	l
DFHack help: Adds widgets to the dig interface to allow uninterrupted digging through warm and damp tiles.	在挖掘界面添加控件，允许连续挖掘温暖和潮湿地块。	l
DFHack help: Visibility improvements for warm and damp map tiles.	让温暖和潮湿地块的标记更清晰。	l
DFHack help: Makes existing carving designations visible when in ASCII mode.	在 ASCII 模式中显示已有的挖掘标记。	l
DFHack help: Adds info tooltips that follow units or appear when you hover the mouse.	添加信息提示，可跟随单位或在鼠标悬停时显示。	l
DFHack help: Adds spectate widgets to the vanilla follow panel.	在原版跟随面板中添加观战控件。	l
DFHack help: Adds sort and annotation capabilities to the squad assignment panel.	为小队成员分配面板添加排序和信息标注。	l
DFHack help: Adds filter capabilities to the squad assignment panel.	为小队成员分配面板添加筛选功能。	l
DFHack help: Adds a toggle for recreational crafting to Craftdwarf's workshops.	在工艺工坊中添加休闲制作开关。	l
DFHack help: Allows unlinking mechanisms and pulling linked levers from buildings.	允许解除建筑的机关连接，并拉动与其连接的拉杆。	l
DFHack help: Allows freeing unlinked mechanisms from buildings.	允许取出建筑中已解除连接的机关。	l
DFHack help: Shows the building planner interface panel when building buildings.	放置建筑时显示建筑规划面板。	l
DFHack help: Adds information to planned buildings about what materials are still needed.	在规划中的建筑上显示仍缺少的材料。	l
DFHack help: Adds mechanism selection capabilities to the link lever/pressure plate screens.	在连接拉杆或压力板时添加机关选择功能。	l
DFHack help: Adds a button for activating a civilian alert when the squads panel is open.	打开小队面板时添加启动平民警报的按钮。	l
DFHack help: Click a stress icon in the top bar to list the citizens in that stress category.	点击顶部的压力图标，查看该压力等级的居民列表。	l
DFHack help: Adds link to trade depot building to launch the DFHack trade goods UI.	在贸易站建筑面板中添加 DFHack 贸易货物界面入口。	l
DFHack help: Hides the vanilla trade goods selection button.	隐藏原版贸易货物选择按钮。	l
DFHack help: Adds link to the trade goods screen to launch the DFHack trade goods UI.	在贸易货物界面添加 DFHack 贸易货物界面入口。	l
DFHack help: Adds a tooltip that shows the selected dimensions when drawing boxes.	框选时显示所选区域尺寸的提示。	l
DFHack help: When drawing boxes, makes right click cancel selection instead of exiting.	框选时，右键取消选择并保留当前界面。	l
DFHack help: Display progress bars for learning skills on unit viewsheets.	在单位详情面板中显示技能学习进度条。	l
DFHack help: Adds convenience functions for working with bins to the trade screen.	在交易界面添加方便管理箱内物品的功能。	l
DFHack help: Adds link to the trade screen to launch the DFHack trade UI.	在交易界面添加 DFHack 交易界面入口。	l
DFHack help: Adds warning to the trade screen when you are about to offend the elves.	交易即将冒犯精灵时显示警告。	l
DFHack help: Adds quick toggles for groups of trade agreement items.	为贸易协议的物品类别添加批量切换按钮。	l
DFHack help: Adds link to the display furniture building panel to launch the DFHack display assignment UI.	在展示家具面板中添加 DFHack 展品分配入口。	l
DFHack help: Show the viewed unit's current and long-term mood on their sheet.	在单位详情面板中显示当前及长期心情。	l
DFHack help: Adds search and filter functionality to info screens.	为信息界面添加搜索和筛选功能。	l
DFHack help: Adds search functionality to the noble assignment page.	为贵族任命界面添加搜索功能。	l
DFHack help: Annotates units with how many work animals they have assigned on the assign work animal screen.	在工作动物分配界面标注每个单位已有的工作动物数量。	l
DFHack help: Adds filter capabilities to the work animal assignment screen.	为工作动物分配界面添加筛选功能。	l
DFHack help: Adds filter capabilities to the interrogation screen.	为审讯界面添加筛选功能。	l
DFHack help: Adds filter capabilities to the conviction screen.	为定罪界面添加筛选功能。	l
DFHack help: Adds search and filter capabilities to the temple and guildhall establishment screens.	为建立神殿和行会大厅的界面添加搜索与筛选功能。	l
DFHack help: Adds search and filter functionality to the slab engraving panel.	为纪念石板雕刻面板添加搜索和筛选功能。	l
DFHack help: Adds search functionality to the artifact list on the world raid screen.	为世界远征界面的神器列表添加搜索功能。	l
DFHack help: Adds search functionality to the places overview screens.	为场所总览界面添加搜索功能。	l
DFHack help: Adds the ability to filter historical figures by race in legends mode.	在传奇模式中添加按种族筛选历史人物的功能。	l
DFHack help: Adds extended export progress bar to the legends main screen.	在传奇主界面显示扩展导出的进度条。	l
DFHack help: Prevents legends mode from being exited while an export is in progress.	导出期间禁止退出传奇模式。	l
DFHack help: Adds search and sort functionality to the elevate unit to barony screen.	为晋升男爵界面添加搜索和排序功能。	l
DFHack help: Adds information about unit preferences to the elevate unit to barony screen.	在晋升男爵界面显示候选人的偏好。	l
DFHack help: Adds a button to view death cause on the dead/missing tab.	在死亡与失踪标签页添加查看死因的按钮。	l
DFHack help: Render map notes.	显示地图注记。	l
DFHack help: Adds widgets for reconfiguring pressure plates after construction.	允许在压力板建成后重新配置。	l
DFHack help: Adds widget for toggling gear assemblies.	添加齿轮组启停控件。	l
DFHack help: Adds a button to the erase toolbar to open the mass removal tool.	在清除工具栏中添加批量移除工具入口。	l
DFHack help: Adds a hotkey to the vanilla units screen to launch the DFHack units interface.	在原版单位界面添加打开 DFHack 单位管理界面的快捷键。	l
DFHack help: Shows list of active notifications in fort mode.	在要塞模式中显示当前通知列表。	l
DFHack help: Shows list of active notifications in adventure mode.	在冒险模式中显示当前通知列表。	l
DFHack help: Adds a link to the mod selection screen for accessing the mod manager.	在模组选择界面添加模组管理器入口。	l
DFHack help: Displays a message when a mod preset has been automatically applied.	自动应用模组预设后显示提示。	l
DFHack help: Adds a button for renaming newly generated worlds.	添加为新生成世界改名的按钮。	l
DFHack help: Allows editing of unit nicknames on the embark preparation screen.	允许在定居准备界面编辑单位昵称。	l
DFHack help: Adds buttons to the embark difficulty screen for saving and restoring settings.	在定居难度界面添加保存和恢复设置的按钮。	l
DFHack help: Displays a message when saved difficulty settings have been automatically applied.	自动应用已保存的难度设置后显示提示。	l
DFHack help: Adds buttons to the fort difficulty screen for saving and restoring settings.	在要塞难度界面添加保存和恢复设置的按钮。	l
DFHack help: Adds buttons to the standing orders screen for saving and restoring settings.	在常规命令界面添加保存和恢复设置的按钮。	l
DFHack help: Exposes the setting for reserved barrels on the standing orders screen.	在常规命令界面显示预留空桶数量设置。	l
DFHack help: Adds buttons to the work details screen for saving and restoring settings and for controlling labor automation.	在工作分工界面添加保存、恢复设置及管理劳动自动化的按钮。	l
DFHack help: Adds a button to the toolbar at the bottom left corner of the screen for launching gui/sitemap.	在左下角工具栏添加 gui/sitemap 地图总览入口。	l
DFHack help: Adds a panel to unbuilt buildings indicating whether a dwarf is on their way to build.	为尚未建成的建筑显示是否已有矮人前来施工。	l
DFHack help: Adds widgets for reconfiguring trackstops after construction.	允许在轨道停靠点建成后重新配置。	l
DFHack help: Adds widgets for reconfiguring rollers after construction.	允许在滚轮建成后重新配置。	l
DFHack help: Adds a link to the equip screen to fix equipment conflicts.	在装备界面添加修复装备冲突的入口。	l
DFHack help: Adds a scrollbar (if necessary) to the list of starting dwarves.	需要时为初始矮人列表添加滚动条。	l
DFHack GUI Control tool: zone.pasturepond	牧场与池塘动物分配（zone.pasturepond）	l
DFHack GUI Control tool: zone.cagechain	笼子与锁链动物分配（zone.cagechain）	l
DFHack GUI Control tool: zone.retirelocation	撤销闲置场所（zone.retirelocation）	l
DFHack GUI Control tool: zone.animal_actions	驯服动物操作（zone.animal_actions）	l
DFHack GUI Control tool: agitation-rebalance.monitor	自然躁动监控（agitation-rebalance.monitor）	l
DFHack GUI Control tool: advtools.conversation	对话关键词（advtools.conversation）	l
DFHack GUI Control tool: advtools.fastcombat	快速战斗（advtools.fastcombat）	l
DFHack GUI Control tool: suspendmanager.status	施工暂停原因（suspendmanager.status）	l
DFHack GUI Control tool: suspendmanager.toggle	智能施工暂停开关（suspendmanager.toggle）	l
DFHack GUI Control tool: suspendmanager.overlay	暂停施工标记（suspendmanager.overlay）	l
DFHack GUI Control tool: stocks.overlay	库存便捷操作（stocks.overlay）	l
DFHack GUI Control tool: stockpiles.overlay	储物区自动化（stockpiles.overlay）	l
DFHack GUI Control tool: stockpiles.hauling	矿车站点条件（stockpiles.hauling）	l
DFHack GUI Control tool: stockflow.stockflow	储物区生产设置（stockflow.stockflow）	l
DFHack GUI Control tool: exportlegends.export	传奇导出进度（exportlegends.export）	l
DFHack GUI Control tool: exportlegends.mask	传奇导出退出保护（exportlegends.mask）	l
DFHack GUI Control tool: exportlegends.histfigfilter	历史人物种族筛选（exportlegends.histfigfilter）	l
DFHack GUI Control tool: spectate.followpanel	观战跟随面板（spectate.followpanel）	l
DFHack GUI Control tool: spectate.tooltip	观战信息提示（spectate.tooltip）	l
DFHack GUI Control tool: sort.squad_annotation	小队成员排序与标注（sort.squad_annotation）	l
DFHack GUI Control tool: sort.squad_filter	小队成员筛选（sort.squad_filter）	l
DFHack GUI Control tool: sort.info	信息界面搜索与筛选（sort.info）	l
DFHack GUI Control tool: sort.workanimals	工作动物数量标注（sort.workanimals）	l
DFHack GUI Control tool: sort.workanimals_filter	工作动物分配筛选（sort.workanimals_filter）	l
DFHack GUI Control tool: sort.candidates	贵族任命搜索（sort.candidates）	l
DFHack GUI Control tool: sort.interrogation	审讯对象筛选（sort.interrogation）	l
DFHack GUI Control tool: sort.conviction	定罪对象筛选（sort.conviction）	l
DFHack GUI Control tool: sort.deathcause_button	查看死因（sort.deathcause_button）	l
DFHack GUI Control tool: sort.location_selector	神殿与行会筛选（sort.location_selector）	l
DFHack GUI Control tool: sort.slab	纪念石板搜索与筛选（sort.slab）	l
DFHack GUI Control tool: sort.world	世界神器搜索（sort.world）	l
DFHack GUI Control tool: sort.places	场所总览搜索（sort.places）	l
DFHack GUI Control tool: sort.elevate_barony	男爵候选排序（sort.elevate_barony）	l
DFHack GUI Control tool: sort.elevate_barony_preferences	男爵候选偏好（sort.elevate_barony_preferences）	l
DFHack GUI Control tool: sort.stress_icons	居民压力分类列表（sort.stress_icons）	l
DFHack GUI Control tool: confirm.overlay	危险操作确认（confirm.overlay）	l
DFHack GUI Control tool: caravan.trade	交易箱内物品管理（caravan.trade）	l
DFHack GUI Control tool: caravan.tradebanner	DFHack 交易入口（caravan.tradebanner）	l
DFHack GUI Control tool: caravan.tradeethics	精灵交易警告（caravan.tradeethics）	l
DFHack GUI Control tool: caravan.tradeagreement	贸易协议批量设置（caravan.tradeagreement）	l
DFHack GUI Control tool: caravan.movegoods	贸易站货物管理（caravan.movegoods）	l
DFHack GUI Control tool: caravan.movegoods_hider	隐藏原版货物按钮（caravan.movegoods_hider）	l
DFHack GUI Control tool: caravan.assigntrade	贸易货物界面入口（caravan.assigntrade）	l
DFHack GUI Control tool: caravan.displayitemselector	展品分配入口（caravan.displayitemselector）	l
DFHack GUI Control tool: idle-crafting.idlecrafting	休闲制作开关（idle-crafting.idlecrafting）	l
DFHack GUI Control tool: notes.map_notes	地图注记（notes.map_notes）	l
DFHack GUI Control tool: machine-toggle.pressureplate	压力板设置（machine-toggle.pressureplate）	l
DFHack GUI Control tool: machine-toggle.gearassembly	齿轮组开关（machine-toggle.gearassembly）	l
DFHack GUI Control tool: preserve-rooms.reserved	区域预留信息（preserve-rooms.reserved）	l
DFHack GUI Control tool: overlay.title_version	DFHack 版本与快捷入口（overlay.title_version）	l
DFHack GUI Control tool: orders.recheck	重查生产订单条件（orders.recheck）	l
DFHack GUI Control tool: orders.importexport	生产订单导入与导出（orders.importexport）	l
DFHack GUI Control tool: orders.search	生产订单搜索（orders.search）	l
DFHack GUI Control tool: orders.skillrestrictions	工坊技能限制（orders.skillrestrictions）	l
DFHack GUI Control tool: orders.laborrestrictions	工坊劳动限制（orders.laborrestrictions）	l
DFHack GUI Control tool: orders.conditionsrightclick	条件详情右键取消（orders.conditionsrightclick）	l
DFHack GUI Control tool: orders.conditionsquantityrightclick	条件数量右键取消（orders.conditionsquantityrightclick）	l
DFHack GUI Control tool: orders.quantityrightclick	订单数量右键取消（orders.quantityrightclick）	l
DFHack GUI Control tool: uniform-unstick.overlay	装备冲突修复入口（uniform-unstick.overlay）	l
DFHack GUI Control tool: trackstop.trackstop	轨道停靠点设置（trackstop.trackstop）	l
DFHack GUI Control tool: trackstop.rollers	滚轮设置（trackstop.rollers）	l
DFHack GUI Control tool: logistics.autoretrain	自动重新驯养开关（logistics.autoretrain）	l
DFHack GUI Control tool: prioritize.enroute	施工人员在途提示（prioritize.enroute）	l
DFHack GUI Control tool: hotkeys.menu	DFHack 快捷菜单（hotkeys.menu）	l
DFHack GUI Control tool: hotkeys.embarkmenu	定居界面快捷菜单（hotkeys.embarkmenu）	l
DFHack GUI Control tool: hotkeys.legendsmenu	传奇界面快捷菜单（hotkeys.legendsmenu）	l
DFHack GUI Control tool: hotkeys.adventuremenu	冒险界面快捷菜单（hotkeys.adventuremenu）	l
DFHack GUI Control tool: hotkeys.newadventuremenu	新建冒险快捷菜单（hotkeys.newadventuremenu）	l
DFHack GUI Control tool: gui/unit-info-viewer.skillprogress	技能学习进度（gui/unit-info-viewer.skillprogress）	l
DFHack GUI Control tool: gui/unit-info-viewer.mood	单位当前与长期心情（gui/unit-info-viewer.mood）	l
DFHack GUI Control tool: startdwarf.overlay	初始矮人列表滚动（startdwarf.overlay）	l
DFHack GUI Control tool: buildingplan.planner	建筑规划面板（buildingplan.planner）	l
DFHack GUI Control tool: buildingplan.inspector	建筑缺料信息（buildingplan.inspector）	l
DFHack GUI Control tool: buildingplan.mechanisms	连接机关选择（buildingplan.mechanisms）	l
DFHack GUI Control tool: buildingplan.mechanism_free	取出未连接机关（buildingplan.mechanism_free）	l
DFHack GUI Control tool: buildingplan.mechanism_unlink	解除机关连接（buildingplan.mechanism_unlink）	l
DFHack GUI Control tool: dwarfmonitor.cursor	光标坐标（dwarfmonitor.cursor）	l
DFHack GUI Control tool: dwarfmonitor.date	当前日期（dwarfmonitor.date）	l
DFHack GUI Control tool: dwarfmonitor.misery	居民压力统计（dwarfmonitor.misery）	l
DFHack GUI Control tool: dwarfmonitor.weather	当前天气（dwarfmonitor.weather）	l
DFHack GUI Control tool: dig.asciidesignated	ASCII 挖掘标记（dig.asciidesignated）	l
DFHack GUI Control tool: dig.warmdamp	温暖与潮湿地块提示（dig.warmdamp）	l
DFHack GUI Control tool: dig.warmdamptoolbar	连续挖掘温暖潮湿地块（dig.warmdamptoolbar）	l
DFHack GUI Control tool: burrow.designation	活动区域填充与框选（burrow.designation）	l
DFHack GUI Control tool: gui/civ-alert.big_red_button	平民警报按钮（gui/civ-alert.big_red_button）	l
DFHack GUI Control tool: gui/sitemap.toolbar	地图总览入口（gui/sitemap.toolbar）	l
DFHack GUI Control tool: gui/design.dimensions	框选尺寸提示（gui/design.dimensions）	l
DFHack GUI Control tool: gui/design.rightclick	框选右键取消（gui/design.rightclick）	l
DFHack GUI Control tool: gui/notify.panel	要塞通知列表（gui/notify.panel）	l
DFHack GUI Control tool: gui/notify.advpanel	冒险通知列表（gui/notify.advpanel）	l
DFHack GUI Control tool: gui/settings-manager.embark_difficulty	保存定居难度设置（gui/settings-manager.embark_difficulty）	l
DFHack GUI Control tool: gui/settings-manager.embark_notification	定居难度应用提示（gui/settings-manager.embark_notification）	l
DFHack GUI Control tool: gui/settings-manager.settings_difficulty	保存要塞难度设置（gui/settings-manager.settings_difficulty）	l
DFHack GUI Control tool: gui/settings-manager.standing_orders	保存常规命令设置（gui/settings-manager.standing_orders）	l
DFHack GUI Control tool: gui/settings-manager.reserved_barrels	预留空桶设置（gui/settings-manager.reserved_barrels）	l
DFHack GUI Control tool: gui/settings-manager.work_details	工作分工与劳动自动化（gui/settings-manager.work_details）	l
DFHack GUI Control tool: gui/mod-manager.button	模组管理器入口（gui/mod-manager.button）	l
DFHack GUI Control tool: gui/mod-manager.notification	模组预设应用提示（gui/mod-manager.notification）	l
DFHack GUI Control tool: gui/mass-remove.toolbar	批量移除工具入口（gui/mass-remove.toolbar）	l
DFHack GUI Control tool: gui/rename.unit_embark	定居准备单位昵称（gui/rename.unit_embark）	l
DFHack GUI Control tool: gui/rename.world	新世界改名（gui/rename.world）	l
# Installed helpdb.lua update_entry() and docs/docs/tools/{gui/adv-finder,gui/siegemanager,gui/autotraining,autotraining}.txt.
# ls uses rendered help before the script's first comment. A description without '.' continues across blank lines to the next literal '.'.
# These complete short_help strings join the unpunctuated description title and the following paragraph's first sentence.
DFHack help: Find and track historical figures and artifacts A real-time tracker for historical figures and artifacts.	查找并实时追踪历史人物和神器。	l
DFHack help: Manage siege engines at a glance This interface provides a list of siege engines, their ammo count, and current active jobs whilst providing shortcuts to configure their firing/standy mode and view them in-world.	一览并管理攻城武器。此界面列出攻城武器、弹药数量和当前任务，并提供快捷方式来设置射击或待命模式，以及在世界中定位它们。	l
DFHack help: GUI interface for ``autotraining`` This is an in-game configuration interface for autotraining.	autotraining 的图形界面，可在游戏中配置 autotraining。	l
DFHack help: Assigns citizens to a military squad until they have fulfilled their need for Martial Training This script automatically assigns citizens with the need for military training to designated training squads.	将居民分配到军事小队，直到满足军事训练需求。此脚本会把需要军事训练的居民自动分配到指定训练小队。	l
